account_id,customer_id,account_type,balance,currency,status,kyc_status,created_at
ACC_0001,CUST_0589,Savings,82534.54,INR,Active,Verified,2025-05-26 08:25:03
ACC_0002,CUST_0519,Savings,520621.38,INR,Active,Verified,2025-11-26 16:40:16
ACC_0003,CUST_0390,Current,401169.14,INR,Active,Verified,2025-06-25 21:43:52
ACC_0004,CUST_0981,Current,540312.85,INR,Active,Verified,2026-03-17 04:25:09
ACC_0005,CUST_0021,Savings,1198962.89,INR,Active,Verified,2026-03-10 05:58:52
ACC_0006,CUST_0342,Current,250423.93,INR,Active,Verified,2026-01-27 02:01:40
ACC_0007,CUST_0853,Savings,1202162.9,INR,Active,Verified,2026-01-21 02:53:17
ACC_0008,CUST_0942,Savings,1073690.86,INR,Active,Verified,2025-08-13 05:29:14
ACC_0009,CUST_0142,Savings,869300.84,INR,Active,Verified,2025-08-15 02:53:56
ACC_0010,CUST_0055,CreditCard,1285763.2,INR,Active,Verified,2025-11-29 05:49:06
ACC_0011,CUST_0059,Savings,1357245.09,INR,Active,Verified,2026-03-16 21:39:43
ACC_0012,CUST_0641,Savings,175718.16,INR,Active,Verified,2025-09-17 18:00:50
ACC_0013,CUST_0844,CreditCard,1229538.25,INR,Active,Verified,2025-09-21 04:49:51
ACC_0014,CUST_0576,CreditCard,285324.27,INR,Active,Verified,2025-08-02 19:49:27
ACC_0015,CUST_0687,Current,1398791.2,INR,Active,Verified,2025-07-16 04:00:17
ACC_0016,CUST_0740,Savings,1228644.05,INR,Active,Verified,2025-10-12 04:54:40
ACC_0017,CUST_0961,CreditCard,286531.8,INR,Active,Verified,2025-06-12 08:53:57
ACC_0018,CUST_0795,Savings,1389051.27,INR,Active,Verified,2025-07-22 16:52:36
ACC_0019,CUST_0775,Current,149529.45,INR,Active,Verified,2025-08-14 01:36:09
ACC_0020,CUST_0407,Current,1343785.59,INR,Active,Verified,2025-06-11 10:27:12
ACC_0021,CUST_0791,Current,413723.28,INR,Active,Verified,2025-05-17 01:51:34
ACC_0022,CUST_0905,Savings,1163300.82,INR,Active,Verified,2025-08-01 20:02:14
ACC_0023,CUST_0984,CreditCard,702873.66,INR,Active,Verified,2025-09-07 22:28:10
ACC_0024,CUST_0592,Savings,1264519.99,INR,Active,Verified,2026-02-28 08:29:50
ACC_0025,CUST_0883,CreditCard,159892.51,INR,Active,Verified,2025-05-31 19:16:01
ACC_0026,CUST_0530,CreditCard,261333.86,INR,Active,Verified,2026-01-19 05:57:24
ACC_0027,CUST_0182,CreditCard,1024523.55,INR,Active,Verified,2026-02-06 17:56:15
ACC_0028,CUST_0842,Current,1405876.95,INR,Active,Verified,2026-03-20 17:13:11
ACC_0029,CUST_0335,Current,1184790.05,INR,Active,Verified,2026-01-28 19:19:48
ACC_0030,CUST_0982,CreditCard,180004.6,INR,Active,Verified,2026-03-10 02:07:56
ACC_0031,CUST_0876,Current,682279.56,INR,Active,Verified,2025-04-30 12:05:39
ACC_0032,CUST_0819,Current,422661.38,INR,Active,Verified,2025-09-02 12:55:33
ACC_0033,CUST_0583,Current,1407048.37,INR,Active,Verified,2025-09-21 07:16:57
ACC_0034,CUST_0093,Savings,1474333.55,INR,Active,Verified,2025-06-15 00:28:04
ACC_0035,CUST_0301,Savings,1002863.03,INR,Active,Verified,2026-02-17 20:43:46
ACC_0036,CUST_0081,Current,508593.76,INR,Active,Verified,2025-05-29 18:35:46
ACC_0037,CUST_0052,Current,1258153.0,INR,Active,Verified,2025-05-11 09:53:59
ACC_0038,CUST_0629,Savings,329368.66,INR,Active,Verified,2025-07-31 00:44:40
ACC_0039,CUST_0111,Savings,386352.46,INR,Active,Verified,2025-07-20 16:52:06
ACC_0040,CUST_0362,Savings,1310846.72,INR,Active,Verified,2025-06-09 10:30:17
ACC_0041,CUST_0293,CreditCard,534838.25,INR,Active,Verified,2025-09-17 16:09:54
ACC_0042,CUST_0274,Savings,665112.24,INR,Active,Verified,2025-11-08 11:18:38
ACC_0043,CUST_0675,Savings,415164.11,INR,Active,Verified,2025-06-23 10:20:32
ACC_0044,CUST_0194,Savings,512328.79,INR,Active,Verified,2025-11-13 20:09:25
ACC_0045,CUST_0766,Current,692999.08,INR,Active,Verified,2026-01-20 06:59:02
ACC_0046,CUST_0693,Savings,21001.42,INR,Active,Verified,2025-04-11 03:24:08
ACC_0047,CUST_0287,Savings,404495.27,INR,Active,Verified,2025-04-18 07:09:48
ACC_0048,CUST_0957,Savings,1377938.68,INR,Active,Verified,2025-11-11 13:07:01
ACC_0049,CUST_0373,Current,481462.65,INR,Active,Verified,2025-09-18 00:46:35
ACC_0050,CUST_0291,Savings,1321889.31,INR,Active,Verified,2025-08-08 04:40:55
ACC_0051,CUST_0708,CreditCard,1206534.33,INR,Active,Verified,2025-11-20 02:02:49
ACC_0052,CUST_0579,CreditCard,1158492.34,INR,Active,Verified,2026-03-18 10:39:53
ACC_0053,CUST_0973,Current,395300.86,INR,Active,Verified,2025-04-16 15:37:48
ACC_0054,CUST_0563,CreditCard,89637.61,INR,Active,Verified,2025-11-04 23:15:30
ACC_0055,CUST_0945,Current,528683.27,INR,Active,Verified,2026-03-21 01:03:20
ACC_0056,CUST_0719,CreditCard,136978.11,INR,Active,Verified,2026-01-24 09:14:10
ACC_0057,CUST_0408,Savings,230304.04,INR,Active,Verified,2025-08-19 11:59:20
ACC_0058,CUST_0025,Savings,184198.34,INR,Active,Verified,2026-01-12 07:59:00
ACC_0059,CUST_0248,Savings,1468172.31,INR,Active,Verified,2025-10-06 16:26:50
ACC_0060,CUST_0591,Savings,600949.17,INR,Active,Verified,2025-04-15 08:36:14
ACC_0061,CUST_0813,Current,1336472.52,INR,Active,Verified,2025-05-22 03:19:29
ACC_0062,CUST_0941,CreditCard,539912.97,INR,Active,Verified,2025-07-16 13:32:00
ACC_0063,CUST_0735,CreditCard,42228.42,INR,Active,Verified,2025-09-09 20:12:13
ACC_0064,CUST_0403,Savings,527270.54,INR,Active,Verified,2025-04-10 08:03:32
ACC_0065,CUST_0575,Current,1129207.36,INR,Active,Verified,2025-09-29 12:05:19
ACC_0066,CUST_0728,CreditCard,39819.42,INR,Active,Verified,2025-05-13 10:09:55
ACC_0067,CUST_0082,CreditCard,1052626.46,INR,Active,Verified,2025-04-03 15:45:13
ACC_0068,CUST_0839,Savings,1050948.01,INR,Active,Verified,2025-12-24 23:12:43
ACC_0069,CUST_0435,Current,324844.66,INR,Active,Verified,2025-10-14 10:26:01
ACC_0070,CUST_0883,CreditCard,747504.35,INR,Active,Verified,2025-05-31 19:16:01
ACC_0071,CUST_0714,CreditCard,1366768.21,INR,Active,Verified,2025-10-27 05:20:47
ACC_0072,CUST_0799,Current,1350725.45,INR,Active,Verified,2025-12-23 07:05:42
ACC_0073,CUST_0740,Savings,130170.63,INR,Active,Verified,2025-10-12 04:54:40
ACC_0074,CUST_0856,Savings,106097.02,INR,Active,Verified,2025-04-14 14:44:58
ACC_0075,CUST_0528,CreditCard,1018779.23,INR,Active,Verified,2026-01-25 03:16:25
ACC_0076,CUST_0209,Savings,715425.48,INR,Active,Verified,2026-03-08 20:55:38
ACC_0077,CUST_0498,Savings,1449658.28,INR,Active,Verified,2026-01-04 13:05:34
ACC_0078,CUST_0907,Savings,162486.32,INR,Active,Verified,2025-04-18 03:25:58
ACC_0079,CUST_0566,CreditCard,616948.38,INR,Active,Verified,2025-12-19 03:00:31
ACC_0080,CUST_0826,Current,722422.69,INR,Active,Verified,2025-07-26 21:53:29
ACC_0081,CUST_0035,Savings,574980.91,INR,Active,Verified,2026-02-05 22:29:49
ACC_0082,CUST_0166,Current,1203076.85,INR,Active,Verified,2025-07-28 17:44:38
ACC_0083,CUST_0101,CreditCard,513513.14,INR,Active,Verified,2025-04-06 20:46:15
ACC_0084,CUST_0252,Savings,971711.56,INR,Active,Verified,2025-06-28 20:19:29
ACC_0085,CUST_0536,Savings,353481.79,INR,Active,Verified,2025-09-26 01:10:17
ACC_0086,CUST_0031,Current,224882.45,INR,Active,Verified,2025-12-18 12:49:50
ACC_0087,CUST_0573,CreditCard,1373023.58,INR,Active,Verified,2025-06-07 19:44:31
ACC_0088,CUST_0497,Savings,683562.39,INR,Active,Verified,2026-03-20 07:57:09
ACC_0089,CUST_0831,CreditCard,121634.14,INR,Active,Verified,2025-12-15 04:10:21
ACC_0090,CUST_0321,Current,1011664.19,INR,Active,Verified,2025-07-27 14:30:24
ACC_0091,CUST_0319,Current,1383276.88,INR,Active,Verified,2025-09-24 01:52:54
ACC_0092,CUST_0030,CreditCard,1260371.06,INR,Active,Verified,2025-06-24 11:33:15
ACC_0093,CUST_0399,Current,374509.36,INR,Active,Verified,2025-05-02 22:29:17
ACC_0094,CUST_0619,Savings,988527.77,INR,Active,Verified,2026-03-28 06:07:29
ACC_0095,CUST_0906,CreditCard,489241.09,INR,Active,Verified,2025-08-14 05:56:31
ACC_0096,CUST_0005,CreditCard,899398.97,INR,Active,Verified,2026-02-02 21:13:20
ACC_0097,CUST_0252,Current,213570.02,INR,Active,Verified,2025-06-28 20:19:29
ACC_0098,CUST_0002,CreditCard,400109.98,INR,Active,Verified,2026-01-08 01:09:36
ACC_0099,CUST_0238,CreditCard,974712.34,INR,Active,Verified,2026-01-05 07:47:00
ACC_0100,CUST_0720,Savings,1415344.18,INR,Active,Verified,2025-09-11 08:43:21
ACC_0101,CUST_0554,Current,1109102.51,INR,Active,Verified,2025-12-09 06:45:31
ACC_0102,CUST_0528,Savings,820475.12,INR,Active,Verified,2026-01-25 03:16:25
ACC_0103,CUST_0875,Savings,599838.67,INR,Active,Verified,2025-09-04 04:41:20
ACC_0104,CUST_0095,Savings,656869.25,INR,Active,Verified,2025-12-19 12:15:26
ACC_0105,CUST_0966,Current,325809.92,INR,Active,Verified,2025-07-18 07:59:00
ACC_0106,CUST_0789,CreditCard,269933.35,INR,Active,Verified,2025-08-21 06:17:08
ACC_0107,CUST_0300,Current,1293122.98,INR,Active,Verified,2026-02-03 12:37:44
ACC_0108,CUST_0852,Current,27362.24,INR,Active,Verified,2025-10-09 09:18:35
ACC_0109,CUST_0085,Savings,807168.7,INR,Active,Verified,2025-09-08 09:05:44
ACC_0110,CUST_0058,CreditCard,589241.65,INR,Active,Verified,2025-12-31 11:32:40
ACC_0111,CUST_0799,CreditCard,1180942.12,INR,Active,Verified,2025-12-23 07:05:42
ACC_0112,CUST_0833,CreditCard,1011274.05,INR,Active,Verified,2025-09-30 00:02:17
ACC_0113,CUST_0194,Savings,882555.69,INR,Active,Verified,2025-11-13 20:09:25
ACC_0114,CUST_0779,Current,1141072.65,INR,Active,Verified,2025-06-01 04:26:57
ACC_0115,CUST_0441,CreditCard,849813.38,INR,Active,Verified,2026-01-28 14:38:58
ACC_0116,CUST_0716,CreditCard,209317.44,INR,Active,Verified,2025-07-02 19:46:04
ACC_0117,CUST_0796,Savings,204568.63,INR,Active,Verified,2026-01-27 11:55:04
ACC_0118,CUST_0417,Current,83009.6,INR,Active,Verified,2025-08-19 06:54:50
ACC_0119,CUST_0827,CreditCard,911206.1,INR,Active,Verified,2025-09-14 09:19:25
ACC_0120,CUST_0069,CreditCard,930862.52,INR,Active,Verified,2025-07-17 00:33:04
ACC_0121,CUST_0852,Savings,1036070.95,INR,Active,Verified,2025-10-09 09:18:35
ACC_0122,CUST_0086,CreditCard,70722.18,INR,Active,Verified,2025-11-07 18:29:14
ACC_0123,CUST_0829,Current,720038.01,INR,Active,Verified,2025-12-17 04:31:43
ACC_0124,CUST_0780,Savings,5981.9,INR,Active,Verified,2025-06-19 20:00:44
ACC_0125,CUST_0045,Current,1433253.78,INR,Active,Verified,2025-10-30 16:44:03
ACC_0126,CUST_0833,CreditCard,377296.12,INR,Active,Verified,2025-09-30 00:02:17
ACC_0127,CUST_0412,Current,1283038.02,INR,Active,Verified,2025-07-21 19:58:02
ACC_0128,CUST_0973,Current,779681.52,INR,Active,Verified,2025-04-16 15:37:48
ACC_0129,CUST_0159,Savings,202639.64,INR,Active,Verified,2025-11-02 03:43:08
ACC_0130,CUST_0842,Savings,800191.31,INR,Active,Verified,2026-03-20 17:13:11
ACC_0131,CUST_0910,Savings,381574.69,INR,Active,Verified,2025-04-10 23:27:40
ACC_0132,CUST_0563,Savings,16866.16,INR,Active,Verified,2025-11-04 23:15:30
ACC_0133,CUST_0853,Savings,76550.41,INR,Active,Verified,2026-01-21 02:53:17
ACC_0134,CUST_0989,Current,130017.32,INR,Active,Verified,2025-06-25 16:12:14
ACC_0135,CUST_0572,CreditCard,642526.95,INR,Active,Verified,2025-06-20 01:33:53
ACC_0136,CUST_0148,Current,1342781.23,INR,Active,Verified,2025-04-21 20:28:38
ACC_0137,CUST_0067,Current,661497.95,INR,Active,Verified,2026-02-03 13:40:13
ACC_0138,CUST_0417,Current,1384926.26,INR,Active,Verified,2025-08-19 06:54:50
ACC_0139,CUST_0665,CreditCard,573232.08,INR,Active,Verified,2025-04-26 17:02:33
ACC_0140,CUST_0612,Current,16900.37,INR,Active,Verified,2025-05-07 19:13:03
ACC_0141,CUST_0805,CreditCard,1270137.26,INR,Active,Verified,2025-07-30 17:56:54
ACC_0142,CUST_0861,Current,686837.1,INR,Active,Verified,2026-01-20 20:53:39
ACC_0143,CUST_0221,Current,185800.29,INR,Active,Verified,2025-06-26 20:29:41
ACC_0144,CUST_0002,CreditCard,344960.91,INR,Active,Verified,2026-01-08 01:09:36
ACC_0145,CUST_0943,Savings,1411191.74,INR,Active,Verified,2025-10-21 11:54:53
ACC_0146,CUST_0588,CreditCard,1014630.14,INR,Active,Verified,2026-03-21 16:08:14
ACC_0147,CUST_0346,Savings,274213.37,INR,Active,Verified,2026-02-09 08:57:03
ACC_0148,CUST_0209,CreditCard,425327.38,INR,Active,Verified,2026-03-08 20:55:38
ACC_0149,CUST_0645,Savings,188752.38,INR,Active,Verified,2025-08-11 20:27:07
ACC_0150,CUST_0368,CreditCard,902554.72,INR,Active,Verified,2025-06-15 21:39:37
ACC_0151,CUST_0244,Current,910327.08,INR,Active,Verified,2025-08-14 07:26:37
ACC_0152,CUST_0548,Savings,1315107.84,INR,Active,Verified,2025-11-02 23:42:22
ACC_0153,CUST_0438,Current,1289332.53,INR,Active,Verified,2026-02-10 20:35:24
ACC_0154,CUST_0179,Current,668194.54,INR,Active,Verified,2025-09-21 13:41:19
ACC_0155,CUST_0750,Savings,1173328.42,INR,Active,Verified,2025-11-28 05:36:43
ACC_0156,CUST_0822,CreditCard,404702.88,INR,Active,Verified,2026-02-19 22:16:19
ACC_0157,CUST_0113,Savings,1386202.02,INR,Active,Verified,2025-10-14 18:27:25
ACC_0158,CUST_0709,CreditCard,1431926.03,INR,Active,Verified,2025-12-24 16:21:38
ACC_0159,CUST_0206,Current,184527.78,INR,Active,Verified,2026-02-07 06:52:45
ACC_0160,CUST_0583,Savings,1398588.94,INR,Active,Verified,2025-09-21 07:16:57
ACC_0161,CUST_0032,Savings,207329.98,INR,Active,Verified,2026-01-08 05:26:38
ACC_0162,CUST_0961,Savings,1106966.32,INR,Active,Verified,2025-06-12 08:53:57
ACC_0163,CUST_0933,CreditCard,1411996.51,INR,Active,Verified,2025-07-03 12:13:25
ACC_0164,CUST_0306,Current,276658.23,INR,Active,Verified,2026-01-19 18:45:46
ACC_0165,CUST_0495,Savings,1340540.1,INR,Active,Verified,2026-02-16 07:22:15
ACC_0166,CUST_0200,Current,337818.76,INR,Active,Verified,2025-05-12 17:31:07
ACC_0167,CUST_0545,Current,1161543.51,INR,Active,Verified,2026-02-23 07:55:52
ACC_0168,CUST_0364,Savings,1358409.28,INR,Active,Verified,2025-10-17 06:26:18
ACC_0169,CUST_0947,Current,39359.54,INR,Active,Verified,2025-07-07 04:40:21
ACC_0170,CUST_0977,CreditCard,1328392.78,INR,Active,Verified,2025-06-19 03:52:41
ACC_0171,CUST_0833,CreditCard,346257.01,INR,Active,Verified,2025-09-30 00:02:17
ACC_0172,CUST_0261,Savings,136889.06,INR,Active,Verified,2025-09-15 02:16:02
ACC_0173,CUST_0806,CreditCard,1165805.08,INR,Active,Verified,2025-08-25 02:39:58
ACC_0174,CUST_0955,CreditCard,1323290.72,INR,Active,Verified,2026-01-16 07:02:17
ACC_0175,CUST_0899,Current,403670.61,INR,Active,Verified,2026-02-21 15:02:23
ACC_0176,CUST_0126,CreditCard,568969.57,INR,Active,Verified,2026-03-26 12:00:53
ACC_0177,CUST_0214,Current,719894.54,INR,Active,Verified,2026-01-03 06:19:02
ACC_0178,CUST_0561,Current,235489.08,INR,Active,Verified,2025-08-31 02:19:55
ACC_0179,CUST_0342,CreditCard,1122771.29,INR,Active,Verified,2026-01-27 02:01:40
ACC_0180,CUST_0171,Savings,5372.12,INR,Active,Verified,2026-01-21 21:13:58
ACC_0181,CUST_0206,Current,985737.81,INR,Active,Verified,2026-02-07 06:52:45
ACC_0182,CUST_0416,Savings,251831.62,INR,Active,Verified,2025-04-17 16:52:57
ACC_0183,CUST_0797,Savings,205579.25,INR,Active,Verified,2026-01-25 15:08:33
ACC_0184,CUST_0752,Savings,352900.45,INR,Active,Verified,2026-01-02 05:23:46
ACC_0185,CUST_0064,CreditCard,1061572.61,INR,Active,Verified,2025-08-03 06:43:03
ACC_0186,CUST_0910,Current,454330.86,INR,Active,Verified,2025-04-10 23:27:40
ACC_0187,CUST_0849,CreditCard,319116.84,INR,Active,Verified,2025-12-03 18:58:05
ACC_0188,CUST_0786,Savings,157020.64,INR,Active,Verified,2025-09-06 04:23:52
ACC_0189,CUST_0630,Savings,1317614.93,INR,Active,Verified,2026-01-09 02:48:25
ACC_0190,CUST_0270,CreditCard,101473.06,INR,Active,Verified,2025-07-18 07:02:20
ACC_0191,CUST_0894,CreditCard,151238.81,INR,Active,Verified,2025-06-19 13:54:30
ACC_0192,CUST_0892,CreditCard,422434.45,INR,Active,Verified,2025-06-03 10:28:53
ACC_0193,CUST_0234,Current,663617.59,INR,Active,Verified,2025-10-24 13:44:51
ACC_0194,CUST_0439,Savings,848415.64,INR,Active,Verified,2026-03-05 07:22:20
ACC_0195,CUST_0867,Current,951196.76,INR,Active,Verified,2025-04-21 12:47:53
ACC_0196,CUST_0681,CreditCard,656145.87,INR,Active,Verified,2025-04-02 22:02:11
ACC_0197,CUST_0749,Current,809265.51,INR,Active,Verified,2025-07-26 13:38:23
ACC_0198,CUST_0402,Current,398261.35,INR,Active,Verified,2025-05-22 08:55:11
ACC_0199,CUST_0096,CreditCard,374931.95,INR,Active,Verified,2025-08-05 17:30:16
ACC_0200,CUST_0667,CreditCard,769467.5,INR,Active,Verified,2025-10-29 16:44:44
ACC_0201,CUST_0141,Current,964762.46,INR,Active,Verified,2025-08-17 16:53:18
ACC_0202,CUST_0357,Savings,1019965.26,INR,Active,Verified,2025-07-14 02:30:10
ACC_0203,CUST_0844,Current,180297.18,INR,Active,Verified,2025-09-21 04:49:51
ACC_0204,CUST_0071,Savings,1487778.93,INR,Active,Verified,2025-11-24 12:58:18
ACC_0205,CUST_0309,Current,181731.53,INR,Active,Verified,2026-01-09 04:56:19
ACC_0206,CUST_0713,Current,731076.21,INR,Active,Verified,2026-02-16 21:11:00
ACC_0207,CUST_0776,Current,519921.94,INR,Active,Verified,2025-04-13 07:51:52
ACC_0208,CUST_0791,Savings,318476.08,INR,Active,Verified,2025-05-17 01:51:34
ACC_0209,CUST_0655,Savings,1478035.42,INR,Active,Verified,2025-12-19 17:19:26
ACC_0210,CUST_0895,Current,1095311.6,INR,Active,Verified,2025-12-31 20:06:15
ACC_0211,CUST_0744,Savings,284714.1,INR,Active,Verified,2025-12-18 21:24:46
ACC_0212,CUST_0802,CreditCard,185292.17,INR,Active,Verified,2025-11-03 11:21:36
ACC_0213,CUST_0536,Savings,1222160.27,INR,Active,Verified,2025-09-26 01:10:17
ACC_0214,CUST_0602,Current,104776.0,INR,Active,Verified,2025-06-26 08:57:24
ACC_0215,CUST_0247,Current,1404376.82,INR,Active,Verified,2025-05-27 21:52:23
ACC_0216,CUST_0317,Savings,614155.46,INR,Active,Verified,2025-09-08 06:27:11
ACC_0217,CUST_0153,CreditCard,610252.61,INR,Active,Verified,2025-11-20 10:32:57
ACC_0218,CUST_0748,Savings,988808.47,INR,Active,Verified,2025-08-06 19:08:03
ACC_0219,CUST_0196,CreditCard,786638.7,INR,Active,Verified,2026-02-24 18:55:26
ACC_0220,CUST_0122,Current,91952.82,INR,Active,Verified,2025-08-19 00:44:32
ACC_0221,CUST_0311,Savings,657250.12,INR,Active,Verified,2025-04-12 15:31:52
ACC_0222,CUST_0718,Savings,574611.79,INR,Active,Verified,2025-10-21 18:25:32
ACC_0223,CUST_0793,Savings,186221.25,INR,Active,Verified,2025-10-13 21:07:52
ACC_0224,CUST_0334,Savings,822509.47,INR,Active,Verified,2025-08-21 23:49:02
ACC_0225,CUST_0214,Current,881260.19,INR,Active,Verified,2026-01-03 06:19:02
ACC_0226,CUST_0992,Current,710279.03,INR,Active,Verified,2025-07-18 14:34:20
ACC_0227,CUST_0893,CreditCard,460401.86,INR,Active,Verified,2025-07-19 04:08:45
ACC_0228,CUST_0266,CreditCard,227819.74,INR,Active,Verified,2026-03-30 01:48:40
ACC_0229,CUST_0149,CreditCard,507180.19,INR,Active,Verified,2025-12-12 23:51:31
ACC_0230,CUST_0591,CreditCard,495926.96,INR,Active,Verified,2025-04-15 08:36:14
ACC_0231,CUST_0993,CreditCard,626563.99,INR,Active,Verified,2025-11-13 08:09:19
ACC_0232,CUST_0084,Savings,521804.98,INR,Active,Verified,2025-12-04 16:06:16
ACC_0233,CUST_0576,Current,901673.04,INR,Active,Verified,2025-08-02 19:49:27
ACC_0234,CUST_0270,CreditCard,533556.62,INR,Active,Verified,2025-07-18 07:02:20
ACC_0235,CUST_0098,Current,927659.3,INR,Active,Verified,2026-03-28 23:30:28
ACC_0236,CUST_0053,CreditCard,191241.29,INR,Active,Verified,2025-04-01 16:35:51
ACC_0237,CUST_0380,CreditCard,1413571.1,INR,Active,Verified,2025-09-05 14:45:00
ACC_0238,CUST_0704,Savings,778075.25,INR,Active,Verified,2025-12-13 10:33:38
ACC_0239,CUST_0216,Savings,1193000.26,INR,Active,Verified,2025-08-11 20:14:03
ACC_0240,CUST_0301,Current,1219810.36,INR,Active,Verified,2026-02-17 20:43:46
ACC_0241,CUST_0949,Savings,1308193.1,INR,Active,Verified,2025-10-03 00:36:56
ACC_0242,CUST_0060,Savings,1263838.71,INR,Active,Verified,2025-10-09 03:15:04
ACC_0243,CUST_0812,Current,93830.25,INR,Active,Verified,2025-08-14 18:20:08
ACC_0244,CUST_0537,Savings,935854.59,INR,Active,Verified,2025-10-30 16:00:07
ACC_0245,CUST_0346,Savings,295486.26,INR,Active,Verified,2026-02-09 08:57:03
ACC_0246,CUST_0996,CreditCard,770116.42,INR,Active,Verified,2025-10-22 02:20:17
ACC_0247,CUST_0636,CreditCard,916095.81,INR,Active,Verified,2025-04-05 12:31:08
ACC_0248,CUST_0653,CreditCard,608060.09,INR,Active,Verified,2025-12-05 19:55:44
ACC_0249,CUST_0394,CreditCard,606236.99,INR,Active,Verified,2025-07-18 14:31:33
ACC_0250,CUST_0023,Current,563451.67,INR,Active,Verified,2025-09-21 13:45:38
ACC_0251,CUST_0496,CreditCard,881123.17,INR,Active,Verified,2025-11-08 17:22:23
ACC_0252,CUST_0647,Current,532946.77,INR,Active,Verified,2025-11-27 18:19:04
ACC_0253,CUST_0477,Current,1427358.47,INR,Active,Verified,2025-05-29 12:13:28
ACC_0254,CUST_0710,Savings,821192.01,INR,Active,Verified,2026-01-30 18:03:43
ACC_0255,CUST_0054,Current,1333902.68,INR,Active,Verified,2025-11-04 18:50:08
ACC_0256,CUST_0910,Savings,1273700.42,INR,Active,Verified,2025-04-10 23:27:40
ACC_0257,CUST_0069,CreditCard,1440582.08,INR,Active,Verified,2025-07-17 00:33:04
ACC_0258,CUST_0228,Current,1086437.35,INR,Active,Verified,2025-09-30 02:59:57
ACC_0259,CUST_0839,CreditCard,55722.33,INR,Active,Verified,2025-12-24 23:12:43
ACC_0260,CUST_0968,Savings,53925.18,INR,Active,Verified,2025-07-05 12:47:26
ACC_0261,CUST_0325,CreditCard,813032.77,INR,Active,Verified,2025-11-03 08:54:42
ACC_0262,CUST_0850,CreditCard,153961.25,INR,Active,Verified,2025-08-14 01:11:11
ACC_0263,CUST_0995,Savings,772410.9,INR,Active,Verified,2025-10-04 00:07:30
ACC_0264,CUST_0146,Savings,150373.83,INR,Active,Verified,2026-03-10 16:57:34
ACC_0265,CUST_0936,Current,1406284.27,INR,Active,Verified,2025-05-05 04:36:15
ACC_0266,CUST_0220,CreditCard,778262.15,INR,Active,Verified,2026-03-17 20:20:01
ACC_0267,CUST_0523,Current,121473.7,INR,Active,Verified,2025-10-25 16:50:02
ACC_0268,CUST_0980,CreditCard,1256954.29,INR,Active,Verified,2025-11-20 19:13:31
ACC_0269,CUST_0267,Savings,988596.14,INR,Active,Verified,2026-03-24 09:16:46
ACC_0270,CUST_0225,Current,393001.67,INR,Active,Verified,2025-06-26 17:02:52
ACC_0271,CUST_0290,Current,595704.91,INR,Active,Verified,2025-12-16 11:54:45
ACC_0272,CUST_0759,CreditCard,1087050.31,INR,Active,Verified,2025-10-08 14:08:41
ACC_0273,CUST_0479,Savings,953567.78,INR,Active,Verified,2025-07-27 06:41:47
ACC_0274,CUST_0720,CreditCard,486955.93,INR,Active,Verified,2025-09-11 08:43:21
ACC_0275,CUST_0028,Savings,109909.51,INR,Active,Verified,2026-01-15 16:46:04
ACC_0276,CUST_0397,Savings,301212.16,INR,Active,Verified,2025-08-28 12:20:14
ACC_0277,CUST_0885,CreditCard,706922.4,INR,Active,Verified,2025-04-24 11:15:29
ACC_0278,CUST_0580,Current,199951.15,INR,Active,Verified,2026-01-16 16:31:44
ACC_0279,CUST_0839,Savings,746241.08,INR,Active,Verified,2025-12-24 23:12:43
ACC_0280,CUST_0076,CreditCard,1326869.73,INR,Active,Verified,2025-05-01 13:23:48
ACC_0281,CUST_0801,CreditCard,1151391.02,INR,Active,Verified,2025-08-21 08:02:04
ACC_0282,CUST_0434,Savings,63452.8,INR,Active,Verified,2025-07-08 20:44:02
ACC_0283,CUST_0334,Current,1237564.11,INR,Active,Verified,2025-08-21 23:49:02
ACC_0284,CUST_0724,CreditCard,745870.56,INR,Active,Verified,2025-12-24 05:47:53
ACC_0285,CUST_0463,Savings,897622.22,INR,Active,Verified,2025-06-23 18:33:36
ACC_0286,CUST_0325,Current,441457.43,INR,Active,Verified,2025-11-03 08:54:42
ACC_0287,CUST_0595,CreditCard,340550.99,INR,Active,Verified,2026-02-26 10:57:31
ACC_0288,CUST_0593,Savings,1083136.57,INR,Active,Verified,2025-10-04 08:41:12
ACC_0289,CUST_0819,Current,1174610.68,INR,Active,Verified,2025-09-02 12:55:33
ACC_0290,CUST_0633,Current,1473904.02,INR,Active,Verified,2026-02-04 09:00:05
ACC_0291,CUST_0495,CreditCard,966179.5,INR,Active,Verified,2026-02-16 07:22:15
ACC_0292,CUST_0453,Savings,162694.8,INR,Active,Verified,2026-01-12 19:54:42
ACC_0293,CUST_0683,CreditCard,1402407.9,INR,Active,Verified,2025-09-20 02:29:27
ACC_0294,CUST_0706,Current,986401.3,INR,Active,Verified,2026-01-28 06:39:24
ACC_0295,CUST_0184,Savings,383012.59,INR,Active,Verified,2025-05-03 13:52:18
ACC_0296,CUST_0227,CreditCard,506879.16,INR,Active,Verified,2025-09-16 10:16:07
ACC_0297,CUST_0428,Savings,1225257.6,INR,Active,Verified,2025-10-08 12:24:22
ACC_0298,CUST_0824,Savings,230364.44,INR,Active,Verified,2026-02-22 01:41:16
ACC_0299,CUST_0204,CreditCard,1041258.31,INR,Active,Verified,2025-11-13 06:30:33
ACC_0300,CUST_0829,CreditCard,1334543.72,INR,Active,Verified,2025-12-17 04:31:43
ACC_0301,CUST_0748,Savings,246897.86,INR,Active,Verified,2025-08-06 19:08:03
ACC_0302,CUST_0987,Current,432060.18,INR,Active,Verified,2025-10-11 02:36:31
ACC_0303,CUST_0028,Current,541294.55,INR,Active,Verified,2026-01-15 16:46:04
ACC_0304,CUST_0738,Current,1075011.68,INR,Active,Verified,2025-05-23 10:59:11
ACC_0305,CUST_0883,Current,539290.05,INR,Active,Verified,2025-05-31 19:16:01
ACC_0306,CUST_0260,Current,705887.69,INR,Active,Verified,2025-11-18 11:16:41
ACC_0307,CUST_0872,Current,916256.32,INR,Active,Verified,2025-11-30 00:21:50
ACC_0308,CUST_0251,Current,348771.48,INR,Active,Verified,2025-10-05 07:03:32
ACC_0309,CUST_0866,Current,1036588.71,INR,Active,Verified,2025-07-24 04:24:06
ACC_0310,CUST_0529,Savings,1199555.37,INR,Active,Verified,2025-10-14 13:59:07
ACC_0311,CUST_0059,Savings,609333.05,INR,Active,Verified,2026-03-16 21:39:43
ACC_0312,CUST_0246,Savings,189252.43,INR,Active,Verified,2025-04-29 12:41:29
ACC_0313,CUST_0648,CreditCard,28100.18,INR,Active,Verified,2026-03-21 05:20:05
ACC_0314,CUST_0387,Savings,97862.96,INR,Active,Verified,2025-08-12 19:45:40
ACC_0315,CUST_0548,CreditCard,1216170.64,INR,Active,Verified,2025-11-02 23:42:22
ACC_0316,CUST_0954,CreditCard,247504.37,INR,Active,Verified,2026-03-06 21:56:50
ACC_0317,CUST_0317,Savings,1015986.28,INR,Active,Verified,2025-09-08 06:27:11
ACC_0318,CUST_0025,Current,909841.06,INR,Active,Verified,2026-01-12 07:59:00
ACC_0319,CUST_0291,Current,210608.94,INR,Active,Verified,2025-08-08 04:40:55
ACC_0320,CUST_0259,Current,735229.95,INR,Active,Verified,2025-09-04 17:11:14
ACC_0321,CUST_0348,Savings,227255.78,INR,Active,Verified,2025-06-09 14:50:05
ACC_0322,CUST_0577,CreditCard,87252.82,INR,Active,Verified,2025-06-02 14:15:09
ACC_0323,CUST_0359,Savings,571800.86,INR,Active,Verified,2025-09-15 01:40:21
ACC_0324,CUST_0260,CreditCard,814628.3,INR,Active,Verified,2025-11-18 11:16:41
ACC_0325,CUST_0189,Savings,764311.08,INR,Active,Verified,2025-11-02 23:18:05
ACC_0326,CUST_0543,Savings,656800.13,INR,Active,Verified,2025-11-11 03:26:50
ACC_0327,CUST_0680,CreditCard,1019857.45,INR,Active,Verified,2025-06-06 22:16:45
ACC_0328,CUST_0315,Current,1304007.8,INR,Active,Verified,2025-07-11 02:50:14
ACC_0329,CUST_0897,Current,1277269.53,INR,Active,Verified,2026-03-13 01:07:20
ACC_0330,CUST_0362,Savings,934018.81,INR,Active,Verified,2025-06-09 10:30:17
ACC_0331,CUST_0382,Current,1346400.06,INR,Active,Verified,2025-09-25 23:52:04
ACC_0332,CUST_0328,CreditCard,1020338.39,INR,Active,Verified,2025-06-22 12:24:29
ACC_0333,CUST_0473,CreditCard,948857.92,INR,Active,Verified,2025-04-21 13:30:12
ACC_0334,CUST_0012,Current,1479872.96,INR,Active,Verified,2026-03-01 20:01:57
ACC_0335,CUST_0295,CreditCard,1479324.36,INR,Active,Verified,2025-08-05 20:37:14
ACC_0336,CUST_0960,CreditCard,64993.58,INR,Active,Verified,2025-07-19 00:16:54
ACC_0337,CUST_0851,Current,1392313.79,INR,Active,Verified,2026-03-10 01:14:56
ACC_0338,CUST_0455,Savings,205229.83,INR,Active,Verified,2025-12-02 11:33:18
ACC_0339,CUST_0710,Savings,360675.09,INR,Active,Verified,2026-01-30 18:03:43
ACC_0340,CUST_0311,CreditCard,982941.31,INR,Active,Verified,2025-04-12 15:31:52
ACC_0341,CUST_0719,Savings,630513.22,INR,Active,Verified,2026-01-24 09:14:10
ACC_0342,CUST_0467,CreditCard,1351312.98,INR,Active,Verified,2025-07-09 10:08:52
ACC_0343,CUST_0567,CreditCard,1462956.95,INR,Active,Verified,2026-02-19 23:10:24
ACC_0344,CUST_0436,CreditCard,1440474.74,INR,Active,Verified,2026-03-23 22:56:45
ACC_0345,CUST_0100,Savings,508353.63,INR,Active,Verified,2025-04-29 12:33:02
ACC_0346,CUST_0794,Current,155655.97,INR,Active,Verified,2025-07-20 23:11:00
ACC_0347,CUST_0042,Savings,1161348.98,INR,Active,Verified,2025-04-11 11:31:40
ACC_0348,CUST_0761,Savings,598197.23,INR,Active,Verified,2025-08-23 18:40:05
ACC_0349,CUST_0236,Savings,183924.86,INR,Active,Verified,2025-10-29 16:29:44
ACC_0350,CUST_0504,CreditCard,735348.71,INR,Active,Verified,2025-08-30 10:14:51
ACC_0351,CUST_0145,CreditCard,777761.87,INR,Active,Verified,2025-11-30 20:25:23
ACC_0352,CUST_0090,CreditCard,1406301.04,INR,Active,Verified,2025-09-26 18:08:04
ACC_0353,CUST_0984,CreditCard,1070121.58,INR,Active,Verified,2025-09-07 22:28:10
ACC_0354,CUST_0341,CreditCard,1388140.0,INR,Active,Verified,2025-11-08 00:54:06
ACC_0355,CUST_0788,Savings,406734.79,INR,Active,Verified,2025-04-09 11:51:01
ACC_0356,CUST_0013,CreditCard,1091289.25,INR,Active,Verified,2025-09-08 04:47:59
ACC_0357,CUST_0202,Current,642197.43,INR,Active,Verified,2026-01-12 06:19:33
ACC_0358,CUST_0283,Current,1187501.77,INR,Active,Verified,2025-08-05 01:00:54
ACC_0359,CUST_0161,Current,650563.52,INR,Active,Verified,2025-11-19 16:27:23
ACC_0360,CUST_0911,Savings,1172017.12,INR,Active,Verified,2026-02-04 17:40:05
ACC_0361,CUST_0885,CreditCard,703341.46,INR,Active,Verified,2025-04-24 11:15:29
ACC_0362,CUST_0711,Savings,927115.62,INR,Active,Verified,2026-03-02 19:43:38
ACC_0363,CUST_0456,CreditCard,70971.52,INR,Active,Verified,2025-12-16 13:33:12
ACC_0364,CUST_0047,CreditCard,1083242.4,INR,Active,Verified,2025-12-02 11:23:19
ACC_0365,CUST_0002,Savings,834024.61,INR,Active,Verified,2026-01-08 01:09:36
ACC_0366,CUST_0203,CreditCard,8995.51,INR,Active,Verified,2026-01-21 16:14:35
ACC_0367,CUST_0319,CreditCard,359545.96,INR,Active,Verified,2025-09-24 01:52:54
ACC_0368,CUST_0611,Current,688966.72,INR,Active,Verified,2025-08-07 07:15:30
ACC_0369,CUST_0342,Savings,791302.93,INR,Active,Verified,2026-01-27 02:01:40
ACC_0370,CUST_0386,Current,1126740.12,INR,Active,Verified,2025-11-01 08:46:58
ACC_0371,CUST_0091,Current,1386257.73,INR,Active,Verified,2025-10-14 11:28:52
ACC_0372,CUST_0170,Savings,237935.25,INR,Active,Verified,2025-12-22 19:26:05
ACC_0373,CUST_0829,Current,1275413.77,INR,Active,Verified,2025-12-17 04:31:43
ACC_0374,CUST_0476,CreditCard,335023.26,INR,Active,Verified,2025-04-22 10:44:28
ACC_0375,CUST_0289,CreditCard,347444.93,INR,Active,Verified,2026-01-30 03:06:06
ACC_0376,CUST_0537,Current,609978.61,INR,Active,Verified,2025-10-30 16:00:07
ACC_0377,CUST_0957,Savings,705429.99,INR,Active,Verified,2025-11-11 13:07:01
ACC_0378,CUST_0121,Current,1110369.9,INR,Active,Verified,2025-12-29 10:20:10
ACC_0379,CUST_0008,Savings,613672.01,INR,Active,Verified,2025-05-25 21:39:37
ACC_0380,CUST_0768,CreditCard,618304.79,INR,Active,Verified,2025-10-19 20:36:39
ACC_0381,CUST_0765,Current,426024.12,INR,Active,Verified,2025-11-17 09:30:47
ACC_0382,CUST_0209,CreditCard,612118.99,INR,Active,Verified,2026-03-08 20:55:38
ACC_0383,CUST_0869,Current,99815.63,INR,Active,Verified,2025-08-06 21:49:58
ACC_0384,CUST_0255,CreditCard,513170.38,INR,Active,Verified,2026-01-07 01:07:18
ACC_0385,CUST_0679,Savings,1427585.64,INR,Active,Verified,2025-08-04 04:44:33
ACC_0386,CUST_0361,Current,193991.95,INR,Active,Verified,2025-11-05 13:55:46
ACC_0387,CUST_0159,Current,944125.56,INR,Active,Verified,2025-11-02 03:43:08
ACC_0388,CUST_0493,CreditCard,1287805.76,INR,Active,Verified,2025-04-04 09:06:25
ACC_0389,CUST_0711,Current,861514.46,INR,Active,Verified,2026-03-02 19:43:38
ACC_0390,CUST_0132,Savings,1402384.37,INR,Active,Verified,2025-05-13 03:01:50
ACC_0391,CUST_0876,Savings,1009356.19,INR,Active,Verified,2025-04-30 12:05:39
ACC_0392,CUST_0006,CreditCard,170995.36,INR,Active,Verified,2025-08-13 12:51:16
ACC_0393,CUST_0459,Current,147655.45,INR,Active,Verified,2025-09-07 20:53:39
ACC_0394,CUST_0035,Current,988171.35,INR,Active,Verified,2026-02-05 22:29:49
ACC_0395,CUST_0591,Savings,164012.55,INR,Active,Verified,2025-04-15 08:36:14
ACC_0396,CUST_0091,CreditCard,511185.4,INR,Active,Verified,2025-10-14 11:28:52
ACC_0397,CUST_0533,Savings,9492.13,INR,Active,Verified,2025-04-19 04:34:17
ACC_0398,CUST_0681,Current,1019579.18,INR,Active,Verified,2025-04-02 22:02:11
ACC_0399,CUST_0958,Savings,383920.82,INR,Active,Verified,2025-12-03 10:20:44
ACC_0400,CUST_0550,Savings,936389.09,INR,Active,Verified,2025-08-31 06:04:56
ACC_0401,CUST_0804,Current,322143.02,INR,Active,Verified,2025-04-04 13:43:46
ACC_0402,CUST_0515,Savings,1006364.41,INR,Active,Verified,2026-01-11 17:12:09
ACC_0403,CUST_0105,Current,1079979.95,INR,Active,Verified,2026-03-14 07:04:56
ACC_0404,CUST_0831,CreditCard,329337.16,INR,Active,Verified,2025-12-15 04:10:21
ACC_0405,CUST_0515,Current,667318.96,INR,Active,Verified,2026-01-11 17:12:09
ACC_0406,CUST_0244,Savings,827252.59,INR,Active,Verified,2025-08-14 07:26:37
ACC_0407,CUST_0888,Savings,1379919.09,INR,Active,Verified,2025-11-09 22:29:05
ACC_0408,CUST_0348,CreditCard,1089005.58,INR,Active,Verified,2025-06-09 14:50:05
ACC_0409,CUST_0041,Savings,915075.75,INR,Active,Verified,2025-09-30 04:06:51
ACC_0410,CUST_0012,CreditCard,54591.43,INR,Active,Verified,2026-03-01 20:01:57
ACC_0411,CUST_0991,CreditCard,744135.24,INR,Active,Verified,2025-11-24 22:05:26
ACC_0412,CUST_0940,Current,1101930.52,INR,Active,Verified,2026-03-24 06:07:29
ACC_0413,CUST_0628,CreditCard,851470.96,INR,Active,Verified,2026-02-21 18:46:56
ACC_0414,CUST_0975,CreditCard,557710.73,INR,Active,Verified,2025-10-17 09:57:47
ACC_0415,CUST_0461,Savings,152196.62,INR,Active,Verified,2025-04-18 22:05:14
ACC_0416,CUST_0296,Savings,632707.01,INR,Active,Verified,2025-04-09 17:36:55
ACC_0417,CUST_0165,Savings,1134664.66,INR,Active,Verified,2025-06-28 01:05:16
ACC_0418,CUST_0927,CreditCard,863345.88,INR,Active,Verified,2025-12-28 10:19:15
ACC_0419,CUST_0687,Savings,869772.88,INR,Active,Verified,2025-07-16 04:00:17
ACC_0420,CUST_0937,CreditCard,220690.53,INR,Active,Verified,2025-12-31 15:08:35
ACC_0421,CUST_0638,Savings,531035.08,INR,Active,Verified,2025-09-30 21:14:12
ACC_0422,CUST_0863,Current,523553.87,INR,Active,Verified,2026-02-27 17:02:27
ACC_0423,CUST_0197,Savings,780442.94,INR,Active,Verified,2025-04-25 08:21:34
ACC_0424,CUST_0162,Current,1142865.16,INR,Active,Verified,2025-10-01 06:41:24
ACC_0425,CUST_0165,Current,557352.6,INR,Active,Verified,2025-06-28 01:05:16
ACC_0426,CUST_0220,Savings,834265.64,INR,Active,Verified,2026-03-17 20:20:01
ACC_0427,CUST_0966,Current,930867.29,INR,Active,Verified,2025-07-18 07:59:00
ACC_0428,CUST_0754,Current,1015550.15,INR,Active,Verified,2025-10-18 22:59:26
ACC_0429,CUST_0903,Savings,1086543.8,INR,Active,Verified,2025-10-10 03:17:11
ACC_0430,CUST_0015,Savings,293039.67,INR,Active,Verified,2025-08-07 01:17:56
ACC_0431,CUST_0366,Current,1433667.38,INR,Active,Verified,2025-07-18 20:20:08
ACC_0432,CUST_0302,Savings,140614.86,INR,Active,Verified,2025-07-20 22:14:50
ACC_0433,CUST_0759,Savings,509990.37,INR,Active,Verified,2025-10-08 14:08:41
ACC_0434,CUST_0030,CreditCard,1227533.94,INR,Active,Verified,2025-06-24 11:33:15
ACC_0435,CUST_0362,Savings,1469946.97,INR,Active,Verified,2025-06-09 10:30:17
ACC_0436,CUST_0458,Savings,20002.58,INR,Active,Verified,2025-05-02 19:33:17
ACC_0437,CUST_0954,Current,141267.97,INR,Active,Verified,2026-03-06 21:56:50
ACC_0438,CUST_0814,Current,493109.72,INR,Active,Verified,2026-01-30 00:12:45
ACC_0439,CUST_0286,Current,905371.93,INR,Active,Verified,2025-11-12 13:24:07
ACC_0440,CUST_0264,CreditCard,1460946.64,INR,Active,Verified,2025-06-30 03:19:13
ACC_0441,CUST_0836,Savings,217419.73,INR,Active,Verified,2025-05-03 06:55:21
ACC_0442,CUST_0881,Current,33608.37,INR,Active,Verified,2025-08-13 00:43:21
ACC_0443,CUST_0092,Savings,227550.31,INR,Active,Verified,2025-06-17 20:28:11
ACC_0444,CUST_0826,Current,1063231.06,INR,Active,Verified,2025-07-26 21:53:29
ACC_0445,CUST_0596,Savings,159593.61,INR,Active,Verified,2025-12-06 23:18:27
ACC_0446,CUST_0792,CreditCard,1449082.16,INR,Active,Verified,2026-02-03 14:55:03
ACC_0447,CUST_0894,Current,1381331.14,INR,Active,Verified,2025-06-19 13:54:30
ACC_0448,CUST_0112,Current,1213695.59,INR,Active,Verified,2026-01-21 21:19:48
ACC_0449,CUST_0196,CreditCard,250869.39,INR,Active,Verified,2026-02-24 18:55:26
ACC_0450,CUST_0515,Savings,641645.33,INR,Active,Verified,2026-01-11 17:12:09
ACC_0451,CUST_0314,Current,1142658.74,INR,Active,Verified,2025-09-21 08:00:37
ACC_0452,CUST_0273,Current,551253.89,INR,Active,Verified,2025-10-17 14:50:05
ACC_0453,CUST_0652,Savings,934329.29,INR,Active,Verified,2025-05-22 22:16:28
ACC_0454,CUST_0897,Current,863935.48,INR,Active,Verified,2026-03-13 01:07:20
ACC_0455,CUST_0270,CreditCard,605968.95,INR,Active,Verified,2025-07-18 07:02:20
ACC_0456,CUST_0958,Savings,1047810.7,INR,Active,Verified,2025-12-03 10:20:44
ACC_0457,CUST_0761,Current,60069.6,INR,Active,Verified,2025-08-23 18:40:05
ACC_0458,CUST_0329,Current,526194.03,INR,Active,Verified,2025-10-24 02:07:10
ACC_0459,CUST_0016,CreditCard,1398222.69,INR,Active,Verified,2025-12-24 21:13:30
ACC_0460,CUST_0640,Current,1431113.55,INR,Active,Verified,2025-11-10 13:44:19
ACC_0461,CUST_0619,CreditCard,613071.09,INR,Active,Verified,2026-03-28 06:07:29
ACC_0462,CUST_0909,Savings,309722.86,INR,Active,Verified,2025-12-03 08:58:11
ACC_0463,CUST_0213,Current,385919.0,INR,Active,Verified,2026-01-03 13:03:10
ACC_0464,CUST_0181,CreditCard,1329311.76,INR,Active,Verified,2025-08-16 15:10:07
ACC_0465,CUST_0528,Savings,240099.75,INR,Active,Verified,2026-01-25 03:16:25
ACC_0466,CUST_0655,Current,111242.5,INR,Active,Verified,2025-12-19 17:19:26
ACC_0467,CUST_0739,CreditCard,490878.75,INR,Active,Verified,2026-03-20 04:14:08
ACC_0468,CUST_0987,Savings,973992.2,INR,Active,Verified,2025-10-11 02:36:31
ACC_0469,CUST_0104,Savings,817352.43,INR,Active,Verified,2025-12-04 11:22:10
ACC_0470,CUST_0939,Current,1246605.37,INR,Active,Verified,2025-07-13 00:48:08
ACC_0471,CUST_0290,CreditCard,143290.54,INR,Active,Verified,2025-12-16 11:54:45
ACC_0472,CUST_0629,Current,234241.31,INR,Active,Verified,2025-07-31 00:44:40
ACC_0473,CUST_0377,CreditCard,262410.11,INR,Active,Verified,2025-05-16 17:32:22
ACC_0474,CUST_0460,Current,1423055.28,INR,Active,Verified,2026-03-12 04:04:30
ACC_0475,CUST_0073,Current,607357.6,INR,Active,Verified,2026-01-30 01:54:19
ACC_0476,CUST_0307,CreditCard,1048061.12,INR,Active,Verified,2025-11-27 23:20:41
ACC_0477,CUST_0075,CreditCard,610814.85,INR,Active,Verified,2025-04-01 03:20:28
ACC_0478,CUST_0718,CreditCard,1021125.32,INR,Active,Verified,2025-10-21 18:25:32
ACC_0479,CUST_0514,CreditCard,1007247.01,INR,Active,Verified,2025-09-22 05:35:21
ACC_0480,CUST_0751,CreditCard,909942.61,INR,Active,Verified,2025-04-01 13:43:14
ACC_0481,CUST_0652,Current,672207.65,INR,Active,Verified,2025-05-22 22:16:28
ACC_0482,CUST_0109,CreditCard,830926.35,INR,Active,Verified,2026-02-16 22:56:33
ACC_0483,CUST_0591,Current,114066.98,INR,Active,Verified,2025-04-15 08:36:14
ACC_0484,CUST_0198,Current,893397.66,INR,Active,Verified,2025-06-22 21:32:39
ACC_0485,CUST_0263,Current,1390387.85,INR,Active,Verified,2025-10-27 14:28:53
ACC_0486,CUST_0438,Savings,692660.36,INR,Active,Verified,2026-02-10 20:35:24
ACC_0487,CUST_0585,CreditCard,866734.41,INR,Active,Verified,2025-11-03 09:34:24
ACC_0488,CUST_0673,Current,769196.4,INR,Active,Verified,2026-02-21 15:58:01
ACC_0489,CUST_0380,Current,660347.27,INR,Active,Verified,2025-09-05 14:45:00
ACC_0490,CUST_0900,Savings,1373598.62,INR,Active,Verified,2025-06-09 05:22:46
ACC_0491,CUST_0896,Current,6360.28,INR,Active,Verified,2025-07-19 15:52:13
ACC_0492,CUST_0370,CreditCard,520267.53,INR,Active,Verified,2025-05-25 20:46:43
ACC_0493,CUST_0188,CreditCard,101984.42,INR,Active,Verified,2025-09-26 01:49:53
ACC_0494,CUST_0367,Savings,157345.4,INR,Active,Verified,2025-05-25 22:17:54
ACC_0495,CUST_0988,Savings,245840.03,INR,Active,Verified,2025-05-02 02:15:27
ACC_0496,CUST_0628,CreditCard,1441196.24,INR,Active,Verified,2026-02-21 18:46:56
ACC_0497,CUST_0719,Savings,1175597.8,INR,Active,Verified,2026-01-24 09:14:10
ACC_0498,CUST_0251,CreditCard,1094916.22,INR,Active,Verified,2025-10-05 07:03:32
ACC_0499,CUST_0467,Savings,936501.93,INR,Active,Verified,2025-07-09 10:08:52
ACC_0500,CUST_0832,CreditCard,1058944.92,INR,Active,Verified,2025-05-13 09:12:03
ACC_0501,CUST_0777,Current,577301.43,INR,Active,Verified,2025-06-12 08:26:36
ACC_0502,CUST_0755,CreditCard,1181604.09,INR,Active,Verified,2026-03-12 21:19:52
ACC_0503,CUST_0378,Current,942070.8,INR,Active,Verified,2025-08-14 22:13:07
ACC_0504,CUST_0707,Current,979756.57,INR,Active,Verified,2025-10-25 22:32:53
ACC_0505,CUST_0303,CreditCard,880384.95,INR,Active,Verified,2025-12-14 20:18:55
ACC_0506,CUST_0673,CreditCard,1025256.1,INR,Active,Verified,2026-02-21 15:58:01
ACC_0507,CUST_0327,CreditCard,710795.66,INR,Active,Verified,2025-11-26 13:57:09
ACC_0508,CUST_0067,Current,493236.33,INR,Active,Verified,2026-02-03 13:40:13
ACC_0509,CUST_0384,CreditCard,496726.17,INR,Active,Verified,2026-02-02 00:53:25
ACC_0510,CUST_0327,Current,732990.2,INR,Active,Verified,2025-11-26 13:57:09
ACC_0511,CUST_0529,Savings,429469.12,INR,Active,Verified,2025-10-14 13:59:07
ACC_0512,CUST_0438,Current,479262.47,INR,Active,Verified,2026-02-10 20:35:24
ACC_0513,CUST_0698,Current,1213407.24,INR,Active,Verified,2025-06-23 08:39:17
ACC_0514,CUST_0483,Current,1124818.62,INR,Active,Verified,2026-03-24 03:23:48
ACC_0515,CUST_0135,CreditCard,20692.65,INR,Active,Verified,2025-08-03 10:44:40
ACC_0516,CUST_0951,Current,673633.79,INR,Active,Verified,2025-12-20 06:30:42
ACC_0517,CUST_0679,Current,362291.33,INR,Active,Verified,2025-08-04 04:44:33
ACC_0518,CUST_0462,CreditCard,1211181.0,INR,Active,Verified,2026-03-02 15:57:26
ACC_0519,CUST_0309,CreditCard,1190308.3,INR,Active,Verified,2026-01-09 04:56:19
ACC_0520,CUST_0110,Savings,1210829.48,INR,Active,Verified,2025-05-21 08:55:29
ACC_0521,CUST_0742,Current,1362268.87,INR,Active,Verified,2025-10-19 17:20:22
ACC_0522,CUST_0140,CreditCard,585045.49,INR,Active,Verified,2025-11-13 05:20:33
ACC_0523,CUST_0310,CreditCard,1247802.59,INR,Active,Verified,2026-01-30 02:23:06
ACC_0524,CUST_0837,CreditCard,1439263.36,INR,Active,Verified,2025-09-08 09:31:36
ACC_0525,CUST_0899,Savings,328872.37,INR,Active,Verified,2026-02-21 15:02:23
ACC_0526,CUST_0021,Current,131576.46,INR,Active,Verified,2026-03-10 05:58:52
ACC_0527,CUST_0237,Current,924685.52,INR,Active,Verified,2025-10-11 06:45:46
ACC_0528,CUST_0892,CreditCard,1290430.55,INR,Active,Verified,2025-06-03 10:28:53
ACC_0529,CUST_0325,Current,87385.92,INR,Active,Verified,2025-11-03 08:54:42
ACC_0530,CUST_0764,CreditCard,966903.96,INR,Active,Verified,2025-04-28 12:31:05
ACC_0531,CUST_0742,CreditCard,482445.88,INR,Active,Verified,2025-10-19 17:20:22
ACC_0532,CUST_0544,Savings,148594.63,INR,Active,Verified,2026-01-13 06:14:59
ACC_0533,CUST_0422,Current,1091666.38,INR,Active,Verified,2026-02-23 11:35:12
ACC_0534,CUST_0146,CreditCard,845060.27,INR,Active,Verified,2026-03-10 16:57:34
ACC_0535,CUST_0553,CreditCard,1088340.0,INR,Active,Verified,2026-02-04 16:17:42
ACC_0536,CUST_0896,Current,1366675.0,INR,Active,Verified,2025-07-19 15:52:13
ACC_0537,CUST_0226,Savings,613476.98,INR,Active,Verified,2026-02-25 01:30:37
ACC_0538,CUST_0631,Current,546953.59,INR,Active,Verified,2026-01-03 02:21:31
ACC_0539,CUST_0375,Savings,43111.01,INR,Active,Verified,2025-09-15 22:05:00
ACC_0540,CUST_0904,Current,790538.47,INR,Active,Verified,2026-03-30 23:28:42
ACC_0541,CUST_0542,CreditCard,430475.63,INR,Active,Verified,2026-02-02 11:00:42
ACC_0542,CUST_0705,Current,500247.56,INR,Active,Verified,2025-05-21 02:23:35
ACC_0543,CUST_0638,Savings,735334.63,INR,Active,Verified,2025-09-30 21:14:12
ACC_0544,CUST_0450,Savings,688139.75,INR,Active,Verified,2026-03-03 09:15:17
ACC_0545,CUST_0988,CreditCard,578277.68,INR,Active,Verified,2025-05-02 02:15:27
ACC_0546,CUST_0027,Current,630490.75,INR,Active,Verified,2025-05-16 18:21:08
ACC_0547,CUST_0316,Savings,1079082.57,INR,Active,Verified,2025-06-29 10:42:10
ACC_0548,CUST_0811,CreditCard,881312.06,INR,Active,Verified,2025-11-04 22:42:39
ACC_0549,CUST_0215,Savings,1399178.96,INR,Active,Verified,2025-06-10 08:06:11
ACC_0550,CUST_0004,CreditCard,12003.53,INR,Active,Verified,2026-02-18 21:15:55
ACC_0551,CUST_0052,Savings,1116479.07,INR,Active,Verified,2025-05-11 09:53:59
ACC_0552,CUST_0890,CreditCard,923993.5,INR,Active,Verified,2025-05-01 10:55:56
ACC_0553,CUST_0286,CreditCard,1177196.22,INR,Active,Verified,2025-11-12 13:24:07
ACC_0554,CUST_0660,Current,1128938.39,INR,Active,Verified,2025-04-28 04:28:31
ACC_0555,CUST_0778,Current,640651.66,INR,Active,Verified,2025-11-24 18:30:38
ACC_0556,CUST_0800,Current,165719.47,INR,Active,Verified,2026-02-18 19:33:38
ACC_0557,CUST_0012,Current,1385604.29,INR,Active,Verified,2026-03-01 20:01:57
ACC_0558,CUST_0838,Savings,930088.3,INR,Active,Verified,2025-06-30 09:03:46
ACC_0559,CUST_0844,Current,771087.66,INR,Active,Verified,2025-09-21 04:49:51
ACC_0560,CUST_0280,CreditCard,517893.73,INR,Active,Verified,2025-08-30 15:12:45
ACC_0561,CUST_0209,Current,491543.99,INR,Active,Verified,2026-03-08 20:55:38
ACC_0562,CUST_0447,Savings,969115.36,INR,Active,Verified,2026-03-18 12:39:33
ACC_0563,CUST_0409,CreditCard,354375.83,INR,Active,Verified,2025-05-07 02:08:31
ACC_0564,CUST_0270,Savings,307395.07,INR,Active,Verified,2025-07-18 07:02:20
ACC_0565,CUST_0946,Savings,541679.17,INR,Active,Verified,2025-11-22 20:46:30
ACC_0566,CUST_0488,CreditCard,90953.28,INR,Active,Verified,2025-06-23 22:51:01
ACC_0567,CUST_0662,CreditCard,660113.84,INR,Active,Verified,2025-06-09 06:33:47
ACC_0568,CUST_0496,Savings,772536.41,INR,Active,Verified,2025-11-08 17:22:23
ACC_0569,CUST_0050,CreditCard,1235904.25,INR,Active,Verified,2026-01-22 10:28:34
ACC_0570,CUST_0376,Current,276953.16,INR,Active,Verified,2026-01-10 21:08:20
ACC_0571,CUST_0561,Current,867725.61,INR,Active,Verified,2025-08-31 02:19:55
ACC_0572,CUST_0619,CreditCard,315317.01,INR,Active,Verified,2026-03-28 06:07:29
ACC_0573,CUST_0269,Current,647005.17,INR,Active,Verified,2025-07-28 10:30:54
ACC_0574,CUST_0425,Current,125003.44,INR,Active,Verified,2026-02-14 12:38:08
ACC_0575,CUST_0046,Current,231779.2,INR,Active,Verified,2025-08-25 09:50:02
ACC_0576,CUST_0451,Savings,82227.72,INR,Active,Verified,2025-12-12 16:16:32
ACC_0577,CUST_0300,Savings,711352.66,INR,Active,Verified,2026-02-03 12:37:44
ACC_0578,CUST_0286,Savings,859026.16,INR,Active,Verified,2025-11-12 13:24:07
ACC_0579,CUST_0196,Savings,1419565.09,INR,Active,Verified,2026-02-24 18:55:26
ACC_0580,CUST_0842,CreditCard,815614.3,INR,Active,Verified,2026-03-20 17:13:11
ACC_0581,CUST_0087,Current,306244.13,INR,Active,Verified,2025-04-08 07:28:31
ACC_0582,CUST_0776,CreditCard,245508.52,INR,Active,Verified,2025-04-13 07:51:52
ACC_0583,CUST_0367,CreditCard,555986.89,INR,Active,Verified,2025-05-25 22:17:54
ACC_0584,CUST_0637,Current,141175.77,INR,Active,Verified,2025-04-13 09:37:31
ACC_0585,CUST_0451,CreditCard,258310.73,INR,Active,Verified,2025-12-12 16:16:32
ACC_0586,CUST_0312,Current,817436.25,INR,Active,Verified,2025-12-05 15:19:38
ACC_0587,CUST_0155,Savings,1322124.07,INR,Active,Verified,2025-11-25 23:53:08
ACC_0588,CUST_0902,CreditCard,252918.08,INR,Active,Verified,2025-12-04 15:13:33
ACC_0589,CUST_0285,Savings,149790.56,INR,Active,Verified,2026-03-30 12:46:37
ACC_0590,CUST_0813,Savings,578858.74,INR,Active,Verified,2025-05-22 03:19:29
ACC_0591,CUST_0992,Savings,74392.49,INR,Active,Verified,2025-07-18 14:34:20
ACC_0592,CUST_0794,CreditCard,742127.09,INR,Active,Verified,2025-07-20 23:11:00
ACC_0593,CUST_0755,CreditCard,302211.68,INR,Active,Verified,2026-03-12 21:19:52
ACC_0594,CUST_0782,CreditCard,1494013.69,INR,Active,Verified,2025-08-08 06:49:29
ACC_0595,CUST_0768,CreditCard,189850.35,INR,Active,Verified,2025-10-19 20:36:39
ACC_0596,CUST_0634,CreditCard,532768.67,INR,Active,Verified,2025-10-16 14:03:35
ACC_0597,CUST_0780,Savings,798252.31,INR,Active,Verified,2025-06-19 20:00:44
ACC_0598,CUST_0111,CreditCard,384633.14,INR,Active,Verified,2025-07-20 16:52:06
ACC_0599,CUST_0234,Savings,140395.93,INR,Active,Verified,2025-10-24 13:44:51
ACC_0600,CUST_0159,Savings,783671.63,INR,Active,Verified,2025-11-02 03:43:08
ACC_0601,CUST_0039,Current,323537.31,INR,Active,Verified,2025-05-08 22:51:20
ACC_0602,CUST_0459,Current,1032714.62,INR,Active,Verified,2025-09-07 20:53:39
ACC_0603,CUST_0198,Savings,289432.23,INR,Active,Verified,2025-06-22 21:32:39
ACC_0604,CUST_0541,CreditCard,366563.05,INR,Active,Verified,2025-12-11 13:25:41
ACC_0605,CUST_0539,CreditCard,621218.87,INR,Active,Verified,2025-05-09 10:04:19
ACC_0606,CUST_0269,Savings,1012321.7,INR,Active,Verified,2025-07-28 10:30:54
ACC_0607,CUST_0209,Current,1340332.95,INR,Active,Verified,2026-03-08 20:55:38
ACC_0608,CUST_0387,Current,804243.63,INR,Active,Verified,2025-08-12 19:45:40
ACC_0609,CUST_0374,CreditCard,12453.39,INR,Active,Verified,2025-05-07 02:37:06
ACC_0610,CUST_0684,Savings,37303.78,INR,Active,Verified,2025-11-03 05:46:01
ACC_0611,CUST_0987,Savings,1093531.71,INR,Active,Verified,2025-10-11 02:36:31
ACC_0612,CUST_0934,CreditCard,833591.66,INR,Active,Verified,2025-07-30 23:57:34
ACC_0613,CUST_0380,CreditCard,196486.63,INR,Active,Verified,2025-09-05 14:45:00
ACC_0614,CUST_0488,Current,959926.16,INR,Active,Verified,2025-06-23 22:51:01
ACC_0615,CUST_0739,Savings,1283912.98,INR,Active,Verified,2026-03-20 04:14:08
ACC_0616,CUST_0831,Savings,1266399.5,INR,Active,Verified,2025-12-15 04:10:21
ACC_0617,CUST_0729,CreditCard,169912.24,INR,Active,Verified,2025-08-23 13:17:06
ACC_0618,CUST_0619,Current,290224.77,INR,Active,Verified,2026-03-28 06:07:29
ACC_0619,CUST_0754,CreditCard,48313.94,INR,Active,Verified,2025-10-18 22:59:26
ACC_0620,CUST_0913,CreditCard,743319.76,INR,Active,Verified,2025-11-25 05:27:26
ACC_0621,CUST_0990,Savings,950080.06,INR,Active,Verified,2025-10-03 05:44:14
ACC_0622,CUST_0691,Current,1147319.83,INR,Active,Verified,2026-02-19 09:20:33
ACC_0623,CUST_0066,Savings,780923.24,INR,Active,Verified,2025-10-18 11:40:45
ACC_0624,CUST_0566,CreditCard,1371644.47,INR,Active,Verified,2025-12-19 03:00:31
ACC_0625,CUST_0724,CreditCard,849971.71,INR,Active,Verified,2025-12-24 05:47:53
ACC_0626,CUST_0284,Savings,102240.56,INR,Active,Verified,2025-12-10 14:24:13
ACC_0627,CUST_0307,Savings,1094657.52,INR,Active,Verified,2025-11-27 23:20:41
ACC_0628,CUST_0877,CreditCard,717038.17,INR,Active,Verified,2026-01-13 10:20:19
ACC_0629,CUST_0774,CreditCard,1363190.54,INR,Active,Verified,2025-12-18 02:49:27
ACC_0630,CUST_0839,Savings,704692.35,INR,Active,Verified,2025-12-24 23:12:43
ACC_0631,CUST_0925,CreditCard,1077362.25,INR,Active,Verified,2025-12-16 14:39:27
ACC_0632,CUST_0247,Current,1376662.88,INR,Active,Verified,2025-05-27 21:52:23
ACC_0633,CUST_0315,Savings,284281.44,INR,Active,Verified,2025-07-11 02:50:14
ACC_0634,CUST_0411,Savings,207486.92,INR,Active,Verified,2025-05-21 04:28:22
ACC_0635,CUST_0825,Current,5449.66,INR,Active,Verified,2026-01-28 19:13:53
ACC_0636,CUST_0298,Savings,695266.14,INR,Active,Verified,2025-04-22 04:25:30
ACC_0637,CUST_0216,CreditCard,701984.54,INR,Active,Verified,2025-08-11 20:14:03
ACC_0638,CUST_0725,Savings,262440.94,INR,Active,Verified,2025-12-15 19:57:56
ACC_0639,CUST_0613,Savings,375801.68,INR,Active,Verified,2025-08-14 00:23:34
ACC_0640,CUST_0721,Savings,295009.18,INR,Active,Verified,2026-03-18 22:58:01
ACC_0641,CUST_0835,CreditCard,937587.81,INR,Active,Verified,2025-07-21 09:08:28
ACC_0642,CUST_0263,Current,945579.32,INR,Active,Verified,2025-10-27 14:28:53
ACC_0643,CUST_0786,CreditCard,98907.85,INR,Active,Verified,2025-09-06 04:23:52
ACC_0644,CUST_0277,Current,578464.27,INR,Active,Verified,2025-09-15 06:12:51
ACC_0645,CUST_0585,Current,1349637.76,INR,Active,Verified,2025-11-03 09:34:24
ACC_0646,CUST_0213,Current,435137.43,INR,Active,Verified,2026-01-03 13:03:10
ACC_0647,CUST_0786,CreditCard,119069.54,INR,Active,Verified,2025-09-06 04:23:52
ACC_0648,CUST_0106,Savings,1058989.9,INR,Active,Verified,2026-03-23 14:29:28
ACC_0649,CUST_0326,Current,174410.24,INR,Active,Verified,2025-05-15 16:52:53
ACC_0650,CUST_0233,Current,884418.08,INR,Active,Verified,2026-02-17 13:39:52
ACC_0651,CUST_0969,Current,675177.19,INR,Active,Verified,2026-02-23 19:13:10
ACC_0652,CUST_0373,Current,894710.4,INR,Active,Verified,2025-09-18 00:46:35
ACC_0653,CUST_0886,CreditCard,702876.18,INR,Active,Verified,2025-07-12 11:53:14
ACC_0654,CUST_0950,Savings,195198.9,INR,Active,Verified,2025-09-21 21:43:34
ACC_0655,CUST_0621,Current,1254199.11,INR,Active,Verified,2025-09-13 17:07:04
ACC_0656,CUST_0142,CreditCard,652181.63,INR,Active,Verified,2025-08-15 02:53:56
ACC_0657,CUST_0972,Current,1452242.97,INR,Active,Verified,2025-11-04 04:49:19
ACC_0658,CUST_0658,Savings,1361608.93,INR,Active,Verified,2025-08-02 14:46:42
ACC_0659,CUST_0230,Savings,758560.54,INR,Active,Verified,2025-06-28 01:27:41
ACC_0660,CUST_0366,Current,916456.16,INR,Active,Verified,2025-07-18 20:20:08
ACC_0661,CUST_0357,Savings,1116004.63,INR,Active,Verified,2025-07-14 02:30:10
ACC_0662,CUST_0870,Current,925076.19,INR,Active,Verified,2025-07-07 15:11:54
ACC_0663,CUST_0940,CreditCard,600829.87,INR,Active,Verified,2026-03-24 06:07:29
ACC_0664,CUST_0551,Savings,577296.58,INR,Active,Verified,2025-06-26 18:49:17
ACC_0665,CUST_0366,Current,1174887.12,INR,Active,Verified,2025-07-18 20:20:08
ACC_0666,CUST_0063,CreditCard,701491.93,INR,Active,Verified,2025-06-12 23:01:49
ACC_0667,CUST_0104,Current,1140144.59,INR,Active,Verified,2025-12-04 11:22:10
ACC_0668,CUST_0087,Current,781400.32,INR,Active,Verified,2025-04-08 07:28:31
ACC_0669,CUST_0249,CreditCard,1016936.35,INR,Active,Verified,2025-05-12 12:59:43
ACC_0670,CUST_0744,CreditCard,1185519.49,INR,Active,Verified,2025-12-18 21:24:46
ACC_0671,CUST_0912,Current,1246417.08,INR,Active,Verified,2025-06-29 15:25:13
ACC_0672,CUST_0199,Savings,1493106.07,INR,Active,Verified,2026-01-20 19:29:16
ACC_0673,CUST_0674,Current,648792.97,INR,Active,Verified,2025-10-16 18:41:49
ACC_0674,CUST_0592,CreditCard,1465428.57,INR,Active,Verified,2026-02-28 08:29:50
ACC_0675,CUST_0336,CreditCard,1496941.75,INR,Active,Verified,2025-12-10 20:31:23
ACC_0676,CUST_0856,Current,1444812.21,INR,Active,Verified,2025-04-14 14:44:58
ACC_0677,CUST_0091,Savings,615385.48,INR,Active,Verified,2025-10-14 11:28:52
ACC_0678,CUST_0267,Current,594634.44,INR,Active,Verified,2026-03-24 09:16:46
ACC_0679,CUST_0523,Current,1426602.07,INR,Active,Verified,2025-10-25 16:50:02
ACC_0680,CUST_0528,CreditCard,1451561.3,INR,Active,Verified,2026-01-25 03:16:25
ACC_0681,CUST_0354,Savings,669474.08,INR,Active,Verified,2025-08-30 01:00:56
ACC_0682,CUST_0226,Savings,560818.54,INR,Active,Verified,2026-02-25 01:30:37
ACC_0683,CUST_0586,Savings,951340.52,INR,Active,Verified,2025-07-03 14:22:31
ACC_0684,CUST_0518,Savings,1435960.82,INR,Active,Verified,2025-08-03 11:33:14
ACC_0685,CUST_0176,CreditCard,799666.64,INR,Active,Verified,2025-08-10 05:32:06
ACC_0686,CUST_0437,Current,1286647.25,INR,Active,Verified,2025-06-18 14:09:24
ACC_0687,CUST_0359,Savings,421648.68,INR,Active,Verified,2025-09-15 01:40:21
ACC_0688,CUST_0267,Savings,1223032.68,INR,Active,Verified,2026-03-24 09:16:46
ACC_0689,CUST_0461,CreditCard,1318981.66,INR,Active,Verified,2025-04-18 22:05:14
ACC_0690,CUST_0398,CreditCard,404299.52,INR,Active,Verified,2025-08-16 09:26:05
ACC_0691,CUST_0423,Current,1481235.4,INR,Active,Verified,2025-11-14 06:09:03
ACC_0692,CUST_0277,CreditCard,1139537.8,INR,Active,Verified,2025-09-15 06:12:51
ACC_0693,CUST_0528,CreditCard,1496519.55,INR,Active,Verified,2026-01-25 03:16:25
ACC_0694,CUST_0019,Current,169076.77,INR,Active,Verified,2026-03-12 06:49:37
ACC_0695,CUST_0663,CreditCard,89211.25,INR,Active,Verified,2025-04-13 09:46:56
ACC_0696,CUST_0239,Current,1279892.09,INR,Active,Verified,2025-09-03 03:39:28
ACC_0697,CUST_0570,CreditCard,204013.26,INR,Active,Verified,2026-02-26 21:30:35
ACC_0698,CUST_0778,Savings,452244.19,INR,Active,Verified,2025-11-24 18:30:38
ACC_0699,CUST_0693,CreditCard,312300.68,INR,Active,Verified,2025-04-11 03:24:08
ACC_0700,CUST_0838,Savings,764591.29,INR,Active,Verified,2025-06-30 09:03:46
ACC_0701,CUST_0095,CreditCard,157538.59,INR,Active,Verified,2025-12-19 12:15:26
ACC_0702,CUST_0918,Savings,994793.03,INR,Active,Verified,2025-10-06 18:00:31
ACC_0703,CUST_0630,Savings,806987.05,INR,Active,Verified,2026-01-09 02:48:25
ACC_0704,CUST_0100,Current,676382.18,INR,Active,Verified,2025-04-29 12:33:02
ACC_0705,CUST_0602,Savings,529808.74,INR,Active,Verified,2025-06-26 08:57:24
ACC_0706,CUST_0131,CreditCard,867368.13,INR,Active,Verified,2026-03-25 09:19:53
ACC_0707,CUST_0933,Current,921889.6,INR,Active,Verified,2025-07-03 12:13:25
ACC_0708,CUST_0034,CreditCard,895867.41,INR,Active,Verified,2025-06-25 11:39:42
ACC_0709,CUST_0281,CreditCard,910530.2,INR,Active,Verified,2025-08-17 00:19:40
ACC_0710,CUST_0684,CreditCard,678996.13,INR,Active,Verified,2025-11-03 05:46:01
ACC_0711,CUST_0738,CreditCard,333819.61,INR,Active,Verified,2025-05-23 10:59:11
ACC_0712,CUST_0042,Current,1246605.16,INR,Active,Verified,2025-04-11 11:31:40
ACC_0713,CUST_0273,Savings,849081.17,INR,Active,Verified,2025-10-17 14:50:05
ACC_0714,CUST_0104,Savings,333666.39,INR,Active,Verified,2025-12-04 11:22:10
ACC_0715,CUST_0862,Savings,499382.23,INR,Active,Verified,2025-05-24 00:51:44
ACC_0716,CUST_0383,Savings,380751.44,INR,Active,Verified,2025-11-27 14:25:18
ACC_0717,CUST_0868,Savings,510096.18,INR,Active,Verified,2025-10-26 01:38:15
ACC_0718,CUST_0525,Savings,1456233.43,INR,Active,Verified,2025-09-01 07:47:04
ACC_0719,CUST_0988,CreditCard,390681.47,INR,Active,Verified,2025-05-02 02:15:27
ACC_0720,CUST_0401,CreditCard,1214271.69,INR,Active,Verified,2025-09-19 15:47:53
ACC_0721,CUST_0111,Savings,16021.17,INR,Active,Verified,2025-07-20 16:52:06
ACC_0722,CUST_0727,CreditCard,524817.76,INR,Active,Verified,2026-01-02 08:07:13
ACC_0723,CUST_0567,Savings,1106170.79,INR,Active,Verified,2026-02-19 23:10:24
ACC_0724,CUST_0853,CreditCard,298997.58,INR,Active,Verified,2026-01-21 02:53:17
ACC_0725,CUST_0021,Current,135744.0,INR,Active,Verified,2026-03-10 05:58:52
ACC_0726,CUST_0366,CreditCard,111907.39,INR,Active,Verified,2025-07-18 20:20:08
ACC_0727,CUST_0610,Savings,1478613.48,INR,Active,Verified,2025-06-09 10:23:27
ACC_0728,CUST_0957,Savings,1014760.26,INR,Active,Verified,2025-11-11 13:07:01
ACC_0729,CUST_0256,Savings,365786.05,INR,Active,Verified,2025-06-03 01:04:24
ACC_0730,CUST_0743,Current,77416.55,INR,Active,Verified,2025-09-25 02:02:10
ACC_0731,CUST_0518,Savings,583526.8,INR,Active,Verified,2025-08-03 11:33:14
ACC_0732,CUST_0340,CreditCard,1001555.22,INR,Active,Verified,2025-10-17 20:24:32
ACC_0733,CUST_0028,Current,456704.87,INR,Active,Verified,2026-01-15 16:46:04
ACC_0734,CUST_0998,CreditCard,141519.64,INR,Active,Verified,2026-01-13 13:22:24
ACC_0735,CUST_0282,CreditCard,367340.32,INR,Active,Verified,2025-04-10 16:09:06
ACC_0736,CUST_0032,Savings,944920.42,INR,Active,Verified,2026-01-08 05:26:38
ACC_0737,CUST_0708,Current,714666.33,INR,Active,Verified,2025-11-20 02:02:49
ACC_0738,CUST_0979,CreditCard,520347.07,INR,Active,Verified,2025-11-16 07:35:22
ACC_0739,CUST_0125,Savings,211618.91,INR,Active,Verified,2025-10-31 07:25:31
ACC_0740,CUST_0869,Savings,1266963.58,INR,Active,Verified,2025-08-06 21:49:58
ACC_0741,CUST_0760,Savings,1031917.5,INR,Active,Verified,2025-06-14 14:29:26
ACC_0742,CUST_0126,CreditCard,971553.55,INR,Active,Verified,2026-03-26 12:00:53
ACC_0743,CUST_0292,CreditCard,1002720.41,INR,Active,Verified,2025-06-01 23:03:51
ACC_0744,CUST_0132,CreditCard,1278692.51,INR,Active,Verified,2025-05-13 03:01:50
ACC_0745,CUST_0017,Savings,431494.19,INR,Active,Verified,2025-08-01 01:09:34
ACC_0746,CUST_0590,Current,614909.58,INR,Active,Verified,2025-06-16 15:49:32
ACC_0747,CUST_0427,Savings,990336.96,INR,Active,Verified,2025-08-20 11:39:53
ACC_0748,CUST_0870,Savings,653030.28,INR,Active,Verified,2025-07-07 15:11:54
ACC_0749,CUST_0849,CreditCard,72990.57,INR,Active,Verified,2025-12-03 18:58:05
ACC_0750,CUST_0910,Current,1375961.46,INR,Active,Verified,2025-04-10 23:27:40
ACC_0751,CUST_0129,Savings,825418.21,INR,Active,Verified,2025-11-28 10:32:13
ACC_0752,CUST_0836,CreditCard,824254.72,INR,Active,Verified,2025-05-03 06:55:21
ACC_0753,CUST_0289,Current,519861.49,INR,Active,Verified,2026-01-30 03:06:06
ACC_0754,CUST_0018,Savings,774307.88,INR,Active,Verified,2025-10-04 06:37:34
ACC_0755,CUST_0444,Savings,25082.11,INR,Active,Verified,2025-08-07 13:48:22
ACC_0756,CUST_0574,Current,559526.23,INR,Active,Verified,2025-08-26 09:22:33
ACC_0757,CUST_0921,Savings,138574.59,INR,Active,Verified,2025-08-19 06:31:46
ACC_0758,CUST_0277,CreditCard,387769.65,INR,Active,Verified,2025-09-15 06:12:51
ACC_0759,CUST_0673,CreditCard,943508.67,INR,Active,Verified,2026-02-21 15:58:01
ACC_0760,CUST_0713,Current,745874.51,INR,Active,Verified,2026-02-16 21:11:00
ACC_0761,CUST_0246,Current,1123713.41,INR,Active,Verified,2025-04-29 12:41:29
ACC_0762,CUST_0054,Current,1108700.04,INR,Active,Verified,2025-11-04 18:50:08
ACC_0763,CUST_0952,Current,552110.17,INR,Active,Verified,2025-09-30 14:07:17
ACC_0764,CUST_0351,Savings,167454.54,INR,Active,Verified,2025-09-03 15:52:23
ACC_0765,CUST_0496,CreditCard,340300.42,INR,Active,Verified,2025-11-08 17:22:23
ACC_0766,CUST_0268,CreditCard,396451.68,INR,Active,Verified,2025-05-07 05:16:52
ACC_0767,CUST_0869,Savings,1480141.42,INR,Active,Verified,2025-08-06 21:49:58
ACC_0768,CUST_0324,Savings,1491144.2,INR,Active,Verified,2025-08-11 23:04:26
ACC_0769,CUST_0286,Savings,456135.28,INR,Active,Verified,2025-11-12 13:24:07
ACC_0770,CUST_0139,Current,177273.86,INR,Active,Verified,2025-05-10 16:36:48
ACC_0771,CUST_0381,Current,967989.26,INR,Active,Verified,2026-03-09 10:59:52
ACC_0772,CUST_0181,Current,1052820.07,INR,Active,Verified,2025-08-16 15:10:07
ACC_0773,CUST_0706,Current,1007041.54,INR,Active,Verified,2026-01-28 06:39:24
ACC_0774,CUST_0959,CreditCard,590273.98,INR,Active,Verified,2025-07-19 06:37:43
ACC_0775,CUST_0388,Current,1309312.33,INR,Active,Verified,2025-04-21 11:38:15
ACC_0776,CUST_0633,CreditCard,949909.81,INR,Active,Verified,2026-02-04 09:00:05
ACC_0777,CUST_0899,CreditCard,336780.94,INR,Active,Verified,2026-02-21 15:02:23
ACC_0778,CUST_0867,Savings,657962.21,INR,Active,Verified,2025-04-21 12:47:53
ACC_0779,CUST_0958,CreditCard,1116572.75,INR,Active,Verified,2025-12-03 10:20:44
ACC_0780,CUST_0415,CreditCard,1283656.53,INR,Active,Verified,2026-03-31 12:56:17
ACC_0781,CUST_0561,CreditCard,155417.54,INR,Active,Verified,2025-08-31 02:19:55
ACC_0782,CUST_0095,Current,1283336.63,INR,Active,Verified,2025-12-19 12:15:26
ACC_0783,CUST_0597,Current,364955.76,INR,Active,Verified,2025-12-08 01:38:31
ACC_0784,CUST_0694,CreditCard,409740.97,INR,Active,Verified,2026-02-25 15:52:25
ACC_0785,CUST_0633,Current,1214476.02,INR,Active,Verified,2026-02-04 09:00:05
ACC_0786,CUST_0038,Savings,279433.13,INR,Active,Verified,2026-01-07 23:00:34
ACC_0787,CUST_0235,Current,1143990.1,INR,Active,Verified,2026-02-16 10:59:15
ACC_0788,CUST_0881,CreditCard,344064.17,INR,Active,Verified,2025-08-13 00:43:21
ACC_0789,CUST_0589,Current,575638.68,INR,Active,Verified,2025-05-26 08:25:03
ACC_0790,CUST_0112,CreditCard,922712.17,INR,Active,Verified,2026-01-21 21:19:48
ACC_0791,CUST_0069,Savings,1106888.72,INR,Active,Verified,2025-07-17 00:33:04
ACC_0792,CUST_0488,Current,316146.95,INR,Active,Verified,2025-06-23 22:51:01
ACC_0793,CUST_0749,CreditCard,300826.12,INR,Active,Verified,2025-07-26 13:38:23
ACC_0794,CUST_0112,CreditCard,440795.86,INR,Active,Verified,2026-01-21 21:19:48
ACC_0795,CUST_0418,CreditCard,211007.03,INR,Active,Verified,2025-12-24 07:17:06
ACC_0796,CUST_0747,Current,453055.23,INR,Active,Verified,2026-02-19 01:41:03
ACC_0797,CUST_0047,Savings,652311.51,INR,Active,Verified,2025-12-02 11:23:19
ACC_0798,CUST_0583,Savings,848028.45,INR,Active,Verified,2025-09-21 07:16:57
ACC_0799,CUST_0512,CreditCard,997321.88,INR,Active,Verified,2025-05-12 10:36:30
ACC_0800,CUST_0330,Current,601800.5,INR,Active,Verified,2025-07-26 10:37:53
ACC_0801,CUST_0215,CreditCard,1362123.23,INR,Active,Verified,2025-06-10 08:06:11
ACC_0802,CUST_0511,Savings,306995.46,INR,Active,Verified,2026-02-09 20:28:10
ACC_0803,CUST_0836,Savings,1045436.99,INR,Active,Verified,2025-05-03 06:55:21
ACC_0804,CUST_0932,Current,1211632.43,INR,Active,Verified,2025-09-09 13:28:20
ACC_0805,CUST_0158,Current,473564.02,INR,Active,Verified,2025-05-26 10:07:15
ACC_0806,CUST_0799,CreditCard,934447.61,INR,Active,Verified,2025-12-23 07:05:42
ACC_0807,CUST_0587,Current,951220.4,INR,Active,Verified,2025-11-25 23:26:24
ACC_0808,CUST_0976,Current,975647.42,INR,Active,Verified,2025-11-30 21:25:36
ACC_0809,CUST_0257,Savings,1361010.33,INR,Active,Verified,2025-06-14 01:37:14
ACC_0810,CUST_0665,Current,1378215.75,INR,Active,Verified,2025-04-26 17:02:33
ACC_0811,CUST_0659,CreditCard,1330994.95,INR,Active,Verified,2026-01-03 08:10:15
ACC_0812,CUST_0215,CreditCard,646834.47,INR,Active,Verified,2025-06-10 08:06:11
ACC_0813,CUST_0665,CreditCard,1404652.98,INR,Active,Verified,2025-04-26 17:02:33
ACC_0814,CUST_0187,Savings,362459.02,INR,Active,Verified,2025-09-16 08:05:42
ACC_0815,CUST_0896,Current,1173119.13,INR,Active,Verified,2025-07-19 15:52:13
ACC_0816,CUST_0164,Savings,1018699.58,INR,Active,Verified,2026-03-24 00:54:55
ACC_0817,CUST_0326,Savings,1224222.37,INR,Active,Verified,2025-05-15 16:52:53
ACC_0818,CUST_0725,CreditCard,450618.78,INR,Active,Verified,2025-12-15 19:57:56
ACC_0819,CUST_0860,Current,391055.76,INR,Active,Verified,2025-04-18 11:34:04
ACC_0820,CUST_0700,Current,89150.71,INR,Active,Verified,2026-03-31 00:14:03
ACC_0821,CUST_0399,Current,1006020.37,INR,Active,Verified,2025-05-02 22:29:17
ACC_0822,CUST_0001,CreditCard,1330619.27,INR,Active,Verified,2025-11-26 07:45:37
ACC_0823,CUST_0974,Savings,394501.91,INR,Active,Verified,2025-09-17 14:08:23
ACC_0824,CUST_0620,CreditCard,232659.54,INR,Active,Verified,2025-08-26 01:17:54
ACC_0825,CUST_0546,Current,522058.44,INR,Active,Verified,2025-11-05 08:57:19
ACC_0826,CUST_0651,Current,1293539.11,INR,Active,Verified,2026-02-05 14:51:22
ACC_0827,CUST_0061,CreditCard,341038.36,INR,Active,Verified,2025-10-21 18:42:57
ACC_0828,CUST_0135,CreditCard,57036.98,INR,Active,Verified,2025-08-03 10:44:40
ACC_0829,CUST_0426,Savings,978510.18,INR,Active,Verified,2025-08-19 16:57:07
ACC_0830,CUST_0067,CreditCard,103386.59,INR,Active,Verified,2026-02-03 13:40:13
ACC_0831,CUST_0065,Savings,1418953.35,INR,Active,Verified,2025-12-22 23:01:04
ACC_0832,CUST_0494,Current,178482.47,INR,Active,Verified,2026-01-17 02:34:34
ACC_0833,CUST_0508,Savings,930408.1,INR,Active,Verified,2025-08-11 12:32:40
ACC_0834,CUST_0408,Savings,176281.66,INR,Active,Verified,2025-08-19 11:59:20
ACC_0835,CUST_0010,CreditCard,4622.49,INR,Active,Verified,2025-11-26 08:07:39
ACC_0836,CUST_0518,CreditCard,1356031.63,INR,Active,Verified,2025-08-03 11:33:14
ACC_0837,CUST_0283,Savings,1360859.25,INR,Active,Verified,2025-08-05 01:00:54
ACC_0838,CUST_0320,Current,362940.64,INR,Active,Verified,2025-12-03 16:14:37
ACC_0839,CUST_0561,Current,417298.72,INR,Active,Verified,2025-08-31 02:19:55
ACC_0840,CUST_0421,CreditCard,851331.81,INR,Active,Verified,2025-06-15 16:53:17
ACC_0841,CUST_0806,Current,452270.0,INR,Active,Verified,2025-08-25 02:39:58
ACC_0842,CUST_0207,Savings,1418089.91,INR,Active,Verified,2025-07-01 19:29:31
ACC_0843,CUST_0546,Current,980453.73,INR,Active,Verified,2025-11-05 08:57:19
ACC_0844,CUST_0002,CreditCard,70911.65,INR,Active,Verified,2026-01-08 01:09:36
ACC_0845,CUST_0266,Savings,466205.07,INR,Active,Verified,2026-03-30 01:48:40
ACC_0846,CUST_0772,CreditCard,1241505.11,INR,Active,Verified,2025-05-29 00:23:38
ACC_0847,CUST_0251,Savings,47320.86,INR,Active,Verified,2025-10-05 07:03:32
ACC_0848,CUST_0742,CreditCard,368636.44,INR,Active,Verified,2025-10-19 17:20:22
ACC_0849,CUST_0563,CreditCard,298284.44,INR,Active,Verified,2025-11-04 23:15:30
ACC_0850,CUST_0076,CreditCard,1486596.83,INR,Active,Verified,2025-05-01 13:23:48
ACC_0851,CUST_0956,CreditCard,277448.96,INR,Active,Verified,2025-10-05 04:17:17
ACC_0852,CUST_0776,Current,1436302.52,INR,Active,Verified,2025-04-13 07:51:52
ACC_0853,CUST_0405,Current,975503.66,INR,Active,Verified,2026-01-28 22:14:28
ACC_0854,CUST_0125,Current,512258.88,INR,Active,Verified,2025-10-31 07:25:31
ACC_0855,CUST_0634,Savings,578509.09,INR,Active,Verified,2025-10-16 14:03:35
ACC_0856,CUST_0021,CreditCard,278873.12,INR,Active,Verified,2026-03-10 05:58:52
ACC_0857,CUST_0511,CreditCard,342520.69,INR,Active,Verified,2026-02-09 20:28:10
ACC_0858,CUST_0968,CreditCard,78648.41,INR,Active,Verified,2025-07-05 12:47:26
ACC_0859,CUST_0438,CreditCard,108112.98,INR,Active,Verified,2026-02-10 20:35:24
ACC_0860,CUST_0945,CreditCard,66306.17,INR,Active,Verified,2026-03-21 01:03:20
ACC_0861,CUST_0640,Savings,780895.11,INR,Active,Verified,2025-11-10 13:44:19
ACC_0862,CUST_0845,Savings,1357419.17,INR,Active,Verified,2026-02-03 01:30:35
ACC_0863,CUST_0128,Savings,1328665.51,INR,Active,Verified,2025-10-21 21:21:12
ACC_0864,CUST_0639,Savings,1182974.78,INR,Active,Verified,2025-09-16 14:09:02
ACC_0865,CUST_0247,Current,543579.43,INR,Active,Verified,2025-05-27 21:52:23
ACC_0866,CUST_0771,CreditCard,1199165.43,INR,Active,Verified,2026-01-03 10:09:52
ACC_0867,CUST_0199,Savings,1280346.54,INR,Active,Verified,2026-01-20 19:29:16
ACC_0868,CUST_0382,CreditCard,1333224.49,INR,Active,Verified,2025-09-25 23:52:04
ACC_0869,CUST_0708,CreditCard,333174.58,INR,Active,Verified,2025-11-20 02:02:49
ACC_0870,CUST_0860,CreditCard,802801.92,INR,Active,Verified,2025-04-18 11:34:04
ACC_0871,CUST_0131,CreditCard,1103609.02,INR,Active,Verified,2026-03-25 09:19:53
ACC_0872,CUST_0581,Savings,754223.6,INR,Active,Verified,2025-04-04 16:29:08
ACC_0873,CUST_0917,Savings,1394034.23,INR,Active,Verified,2025-08-03 06:53:37
ACC_0874,CUST_0222,Savings,189152.64,INR,Active,Verified,2025-11-11 06:53:25
ACC_0875,CUST_0678,CreditCard,276949.61,INR,Active,Verified,2026-03-23 06:28:52
ACC_0876,CUST_0049,Current,1425535.19,INR,Active,Verified,2025-08-28 07:51:27
ACC_0877,CUST_0312,Current,1244570.53,INR,Active,Verified,2025-12-05 15:19:38
ACC_0878,CUST_0472,CreditCard,1076124.96,INR,Active,Verified,2025-11-16 08:02:04
ACC_0879,CUST_0719,Current,1323582.79,INR,Active,Verified,2026-01-24 09:14:10
ACC_0880,CUST_0629,CreditCard,1180988.16,INR,Active,Verified,2025-07-31 00:44:40
ACC_0881,CUST_0132,CreditCard,29081.53,INR,Active,Verified,2025-05-13 03:01:50
ACC_0882,CUST_0895,CreditCard,1387264.23,INR,Active,Verified,2025-12-31 20:06:15
ACC_0883,CUST_0426,Current,1394459.22,INR,Active,Verified,2025-08-19 16:57:07
ACC_0884,CUST_0869,CreditCard,743729.18,INR,Active,Verified,2025-08-06 21:49:58
ACC_0885,CUST_0346,Current,1114367.96,INR,Active,Verified,2026-02-09 08:57:03
ACC_0886,CUST_0296,CreditCard,671113.6,INR,Active,Verified,2025-04-09 17:36:55
ACC_0887,CUST_0751,Savings,426694.65,INR,Active,Verified,2025-04-01 13:43:14
ACC_0888,CUST_0662,Current,301275.51,INR,Active,Verified,2025-06-09 06:33:47
ACC_0889,CUST_0575,Savings,1369266.23,INR,Active,Verified,2025-09-29 12:05:19
ACC_0890,CUST_0097,CreditCard,702997.27,INR,Active,Verified,2025-10-24 01:20:19
ACC_0891,CUST_0819,CreditCard,377146.64,INR,Active,Verified,2025-09-02 12:55:33
ACC_0892,CUST_0195,Current,1394052.7,INR,Active,Verified,2025-08-21 11:05:34
ACC_0893,CUST_0038,Current,998856.38,INR,Active,Verified,2026-01-07 23:00:34
ACC_0894,CUST_0769,CreditCard,33263.15,INR,Active,Verified,2025-10-25 14:24:29
ACC_0895,CUST_0909,Savings,829235.59,INR,Active,Verified,2025-12-03 08:58:11
ACC_0896,CUST_0874,Savings,734356.27,INR,Active,Verified,2025-07-29 09:30:51
ACC_0897,CUST_0701,Savings,251370.04,INR,Active,Verified,2025-09-24 15:13:37
ACC_0898,CUST_0062,CreditCard,37951.18,INR,Active,Verified,2026-03-21 10:14:01
ACC_0899,CUST_0954,CreditCard,474544.01,INR,Active,Verified,2026-03-06 21:56:50
ACC_0900,CUST_0348,Savings,277196.89,INR,Active,Verified,2025-06-09 14:50:05
ACC_0901,CUST_0339,Current,769456.55,INR,Active,Verified,2026-01-28 07:51:46
ACC_0902,CUST_0532,CreditCard,1055516.86,INR,Active,Verified,2026-01-27 10:57:50
ACC_0903,CUST_0456,Savings,846950.94,INR,Active,Verified,2025-12-16 13:33:12
ACC_0904,CUST_0188,CreditCard,1454753.89,INR,Active,Verified,2025-09-26 01:49:53
ACC_0905,CUST_1000,Savings,1399007.22,INR,Active,Verified,2025-12-01 07:58:05
ACC_0906,CUST_0177,CreditCard,783214.51,INR,Active,Verified,2026-02-28 15:12:39
ACC_0907,CUST_0075,CreditCard,853098.0,INR,Active,Verified,2025-04-01 03:20:28
ACC_0908,CUST_0358,CreditCard,90220.52,INR,Active,Verified,2025-11-10 17:20:16
ACC_0909,CUST_0838,CreditCard,1222786.66,INR,Active,Verified,2025-06-30 09:03:46
ACC_0910,CUST_0470,Current,593628.8,INR,Active,Verified,2025-09-21 11:55:32
ACC_0911,CUST_0478,CreditCard,1296737.41,INR,Active,Verified,2025-10-10 16:37:20
ACC_0912,CUST_0253,Savings,1388685.57,INR,Active,Verified,2025-05-17 12:37:20
ACC_0913,CUST_0781,Savings,954040.52,INR,Active,Verified,2025-11-17 15:59:25
ACC_0914,CUST_0823,Current,246046.75,INR,Active,Verified,2026-02-06 19:20:51
ACC_0915,CUST_0749,CreditCard,1315441.5,INR,Active,Verified,2025-07-26 13:38:23
ACC_0916,CUST_0380,Current,1006608.1,INR,Active,Verified,2025-09-05 14:45:00
ACC_0917,CUST_0545,Savings,192197.52,INR,Active,Verified,2026-02-23 07:55:52
ACC_0918,CUST_0280,Current,956698.76,INR,Active,Verified,2025-08-30 15:12:45
ACC_0919,CUST_0071,CreditCard,1307817.89,INR,Active,Verified,2025-11-24 12:58:18
ACC_0920,CUST_0559,Savings,1268117.77,INR,Active,Verified,2026-01-14 23:19:13
ACC_0921,CUST_0801,CreditCard,33941.87,INR,Active,Verified,2025-08-21 08:02:04
ACC_0922,CUST_0267,CreditCard,1379744.75,INR,Active,Verified,2026-03-24 09:16:46
ACC_0923,CUST_0101,CreditCard,762097.33,INR,Active,Verified,2025-04-06 20:46:15
ACC_0924,CUST_0682,CreditCard,24272.85,INR,Active,Verified,2025-11-14 06:31:17
ACC_0925,CUST_0699,CreditCard,1015375.19,INR,Active,Verified,2025-07-27 17:40:55
ACC_0926,CUST_0238,Savings,271695.42,INR,Active,Verified,2026-01-05 07:47:00
ACC_0927,CUST_0948,CreditCard,864462.83,INR,Active,Verified,2025-04-13 16:37:33
ACC_0928,CUST_0093,CreditCard,1466.58,INR,Active,Verified,2025-06-15 00:28:04
ACC_0929,CUST_0394,Current,485291.41,INR,Active,Verified,2025-07-18 14:31:33
ACC_0930,CUST_0725,Savings,1095120.25,INR,Active,Verified,2025-12-15 19:57:56
ACC_0931,CUST_0926,Savings,710623.21,INR,Active,Verified,2025-10-14 17:11:19
ACC_0932,CUST_0363,CreditCard,572536.78,INR,Active,Verified,2025-07-19 00:26:56
ACC_0933,CUST_0302,Savings,968497.63,INR,Active,Verified,2025-07-20 22:14:50
ACC_0934,CUST_0902,CreditCard,1493966.83,INR,Active,Verified,2025-12-04 15:13:33
ACC_0935,CUST_0153,Current,349618.79,INR,Active,Verified,2025-11-20 10:32:57
ACC_0936,CUST_0511,CreditCard,1172082.11,INR,Active,Verified,2026-02-09 20:28:10
ACC_0937,CUST_0572,Current,373986.09,INR,Active,Verified,2025-06-20 01:33:53
ACC_0938,CUST_0415,Current,88776.8,INR,Active,Verified,2026-03-31 12:56:17
ACC_0939,CUST_0876,CreditCard,1278941.43,INR,Active,Verified,2025-04-30 12:05:39
ACC_0940,CUST_0975,Current,951277.55,INR,Active,Verified,2025-10-17 09:57:47
ACC_0941,CUST_0542,Current,1173705.41,INR,Active,Verified,2026-02-02 11:00:42
ACC_0942,CUST_0897,Current,1419819.33,INR,Active,Verified,2026-03-13 01:07:20
ACC_0943,CUST_0439,Savings,603927.48,INR,Active,Verified,2026-03-05 07:22:20
ACC_0944,CUST_0914,CreditCard,1270844.12,INR,Active,Verified,2026-03-28 18:48:18
ACC_0945,CUST_0920,CreditCard,787441.7,INR,Active,Verified,2025-06-16 13:51:09
ACC_0946,CUST_0110,Savings,516344.06,INR,Active,Verified,2025-05-21 08:55:29
ACC_0947,CUST_0609,Current,277864.07,INR,Active,Verified,2025-05-18 02:18:30
ACC_0948,CUST_0721,CreditCard,32372.81,INR,Active,Verified,2026-03-18 22:58:01
ACC_0949,CUST_0356,Savings,1107433.67,INR,Active,Verified,2025-05-14 02:49:31
ACC_0950,CUST_0875,CreditCard,91492.59,INR,Active,Verified,2025-09-04 04:41:20
ACC_0951,CUST_0231,Savings,308164.86,INR,Active,Verified,2026-03-10 05:53:52
ACC_0952,CUST_0333,CreditCard,660112.01,INR,Active,Verified,2025-07-08 22:05:17
ACC_0953,CUST_0145,Current,1454003.31,INR,Active,Verified,2025-11-30 20:25:23
ACC_0954,CUST_0464,CreditCard,268672.27,INR,Active,Verified,2025-09-12 18:44:10
ACC_0955,CUST_0710,Savings,797421.05,INR,Active,Verified,2026-01-30 18:03:43
ACC_0956,CUST_0587,Savings,1192260.17,INR,Active,Verified,2025-11-25 23:26:24
ACC_0957,CUST_0470,Savings,69528.08,INR,Active,Verified,2025-09-21 11:55:32
ACC_0958,CUST_0925,Savings,1278364.0,INR,Active,Verified,2025-12-16 14:39:27
ACC_0959,CUST_0038,CreditCard,666086.43,INR,Active,Verified,2026-01-07 23:00:34
ACC_0960,CUST_0932,Savings,910399.98,INR,Active,Verified,2025-09-09 13:28:20
ACC_0961,CUST_0091,Savings,1307452.98,INR,Active,Verified,2025-10-14 11:28:52
ACC_0962,CUST_0379,Current,1455285.18,INR,Active,Verified,2026-03-03 02:07:28
ACC_0963,CUST_0013,Current,1484214.11,INR,Active,Verified,2025-09-08 04:47:59
ACC_0964,CUST_0984,Savings,528459.18,INR,Active,Verified,2025-09-07 22:28:10
ACC_0965,CUST_0358,Savings,268840.52,INR,Active,Verified,2025-11-10 17:20:16
ACC_0966,CUST_0359,Current,1264588.27,INR,Active,Verified,2025-09-15 01:40:21
ACC_0967,CUST_0539,CreditCard,383860.19,INR,Active,Verified,2025-05-09 10:04:19
ACC_0968,CUST_0041,CreditCard,1097047.78,INR,Active,Verified,2025-09-30 04:06:51
ACC_0969,CUST_0463,Savings,951803.98,INR,Active,Verified,2025-06-23 18:33:36
ACC_0970,CUST_0457,Current,906726.35,INR,Active,Verified,2025-11-13 22:33:04
ACC_0971,CUST_0493,Savings,20975.11,INR,Active,Verified,2025-04-04 09:06:25
ACC_0972,CUST_0993,Current,1224291.66,INR,Active,Verified,2025-11-13 08:09:19
ACC_0973,CUST_0398,CreditCard,100897.84,INR,Active,Verified,2025-08-16 09:26:05
ACC_0974,CUST_0106,Current,1433919.45,INR,Active,Verified,2026-03-23 14:29:28
ACC_0975,CUST_0661,Savings,145491.88,INR,Active,Verified,2026-03-19 13:42:27
ACC_0976,CUST_0611,CreditCard,1491804.06,INR,Active,Verified,2025-08-07 07:15:30
ACC_0977,CUST_0901,Savings,510559.75,INR,Active,Verified,2025-08-14 10:19:23
ACC_0978,CUST_0802,CreditCard,366986.77,INR,Active,Verified,2025-11-03 11:21:36
ACC_0979,CUST_0469,CreditCard,1028009.71,INR,Active,Verified,2025-04-08 11:06:37
ACC_0980,CUST_0434,CreditCard,1197068.18,INR,Active,Verified,2025-07-08 20:44:02
ACC_0981,CUST_0782,CreditCard,812358.36,INR,Active,Verified,2025-08-08 06:49:29
ACC_0982,CUST_0444,Current,1033204.0,INR,Active,Verified,2025-08-07 13:48:22
ACC_0983,CUST_0843,CreditCard,800848.43,INR,Active,Verified,2026-03-01 07:38:28
ACC_0984,CUST_0370,CreditCard,902297.0,INR,Active,Verified,2025-05-25 20:46:43
ACC_0985,CUST_0908,Savings,1319755.37,INR,Active,Verified,2025-12-23 21:28:29
ACC_0986,CUST_0513,CreditCard,1003202.15,INR,Active,Verified,2026-01-31 09:11:55
ACC_0987,CUST_0294,CreditCard,160154.35,INR,Active,Verified,2025-07-17 05:47:07
ACC_0988,CUST_0209,Current,887823.74,INR,Active,Verified,2026-03-08 20:55:38
ACC_0989,CUST_0682,Current,875339.86,INR,Active,Verified,2025-11-14 06:31:17
ACC_0990,CUST_0047,CreditCard,90233.45,INR,Active,Verified,2025-12-02 11:23:19
ACC_0991,CUST_0227,Savings,691748.87,INR,Active,Verified,2025-09-16 10:16:07
ACC_0992,CUST_0835,Current,1047937.12,INR,Active,Verified,2025-07-21 09:08:28
ACC_0993,CUST_0274,CreditCard,1089567.75,INR,Active,Verified,2025-11-08 11:18:38
ACC_0994,CUST_0383,CreditCard,310089.62,INR,Active,Verified,2025-11-27 14:25:18
ACC_0995,CUST_0995,Savings,496565.13,INR,Active,Verified,2025-10-04 00:07:30
ACC_0996,CUST_0123,CreditCard,1146674.05,INR,Active,Verified,2025-06-13 23:10:20
ACC_0997,CUST_0786,Current,114444.06,INR,Active,Verified,2025-09-06 04:23:52
ACC_0998,CUST_0047,CreditCard,1211683.45,INR,Active,Verified,2025-12-02 11:23:19
ACC_0999,CUST_0096,CreditCard,640488.0,INR,Active,Verified,2025-08-05 17:30:16
ACC_1000,CUST_0691,CreditCard,1332209.05,INR,Active,Verified,2026-02-19 09:20:33
ACC_1001,CUST_0331,Current,697718.05,INR,Active,Verified,2026-01-05 05:53:07
ACC_1002,CUST_0929,Current,1301499.29,INR,Active,Verified,2025-09-23 22:09:01
ACC_1003,CUST_0984,CreditCard,503888.02,INR,Active,Verified,2025-09-07 22:28:10
ACC_1004,CUST_0018,Savings,545484.37,INR,Active,Verified,2025-10-04 06:37:34
ACC_1005,CUST_0262,Current,159323.9,INR,Active,Verified,2026-02-15 06:15:47
ACC_1006,CUST_0831,CreditCard,1307080.79,INR,Active,Verified,2025-12-15 04:10:21
ACC_1007,CUST_0420,Current,986798.42,INR,Active,Verified,2026-01-31 06:57:59
ACC_1008,CUST_0821,Current,1435631.46,INR,Active,Verified,2025-12-17 18:21:33
ACC_1009,CUST_0556,Current,1480235.28,INR,Active,Verified,2025-05-19 08:34:25
ACC_1010,CUST_0222,Savings,734388.96,INR,Active,Verified,2025-11-11 06:53:25
ACC_1011,CUST_0075,Savings,1173591.16,INR,Active,Verified,2025-04-01 03:20:28
ACC_1012,CUST_0711,Savings,849504.6,INR,Active,Verified,2026-03-02 19:43:38
ACC_1013,CUST_0741,CreditCard,880525.86,INR,Active,Verified,2025-08-10 21:47:04
ACC_1014,CUST_0549,CreditCard,818301.62,INR,Active,Verified,2025-12-21 19:13:13
ACC_1015,CUST_0124,Current,1392486.91,INR,Active,Verified,2025-08-18 14:36:42
ACC_1016,CUST_0148,Savings,722419.5,INR,Active,Verified,2025-04-21 20:28:38
ACC_1017,CUST_0050,Savings,1067274.22,INR,Active,Verified,2026-01-22 10:28:34
ACC_1018,CUST_0123,Current,1104401.03,INR,Active,Verified,2025-06-13 23:10:20
ACC_1019,CUST_0735,CreditCard,1072563.74,INR,Active,Verified,2025-09-09 20:12:13
ACC_1020,CUST_0431,Savings,37213.17,INR,Active,Verified,2025-08-01 10:58:55
ACC_1021,CUST_0025,CreditCard,804386.24,INR,Active,Verified,2026-01-12 07:59:00
ACC_1022,CUST_0348,Savings,19248.49,INR,Active,Verified,2025-06-09 14:50:05
ACC_1023,CUST_0503,CreditCard,308961.29,INR,Active,Verified,2026-01-23 17:03:41
ACC_1024,CUST_0663,CreditCard,1394915.05,INR,Active,Verified,2025-04-13 09:46:56
ACC_1025,CUST_0024,CreditCard,143217.32,INR,Active,Verified,2026-02-07 15:10:31
ACC_1026,CUST_0526,CreditCard,1329288.37,INR,Active,Verified,2026-02-03 04:20:30
ACC_1027,CUST_0183,Savings,1038468.9,INR,Active,Verified,2025-08-16 16:06:02
ACC_1028,CUST_0603,CreditCard,661049.34,INR,Active,Verified,2025-08-22 07:19:40
ACC_1029,CUST_0034,CreditCard,779120.74,INR,Active,Verified,2025-06-25 11:39:42
ACC_1030,CUST_0798,Savings,631340.01,INR,Active,Verified,2026-01-03 10:55:17
ACC_1031,CUST_0401,CreditCard,956731.01,INR,Active,Verified,2025-09-19 15:47:53
ACC_1032,CUST_0193,Savings,581860.38,INR,Active,Verified,2025-12-05 04:38:04
ACC_1033,CUST_0612,Current,1216634.46,INR,Active,Verified,2025-05-07 19:13:03
ACC_1034,CUST_0380,CreditCard,1215232.44,INR,Active,Verified,2025-09-05 14:45:00
ACC_1035,CUST_0167,Current,1297331.45,INR,Active,Verified,2026-02-06 15:17:43
ACC_1036,CUST_0350,Current,397766.92,INR,Active,Verified,2026-01-09 22:43:48
ACC_1037,CUST_0835,CreditCard,140360.19,INR,Active,Verified,2025-07-21 09:08:28
ACC_1038,CUST_0806,CreditCard,892248.18,INR,Active,Verified,2025-08-25 02:39:58
ACC_1039,CUST_0226,Current,1409831.03,INR,Active,Verified,2026-02-25 01:30:37
ACC_1040,CUST_0810,CreditCard,32669.28,INR,Active,Verified,2025-05-15 09:40:28
ACC_1041,CUST_0199,Current,111296.2,INR,Active,Verified,2026-01-20 19:29:16
ACC_1042,CUST_0690,Current,850903.43,INR,Active,Verified,2025-04-08 14:41:01
ACC_1043,CUST_0856,Current,789773.82,INR,Active,Verified,2025-04-14 14:44:58
ACC_1044,CUST_0802,Current,1047901.73,INR,Active,Verified,2025-11-03 11:21:36
ACC_1045,CUST_0081,Savings,1406149.69,INR,Active,Verified,2025-05-29 18:35:46
ACC_1046,CUST_0003,Savings,1295542.07,INR,Active,Verified,2025-09-30 00:52:20
ACC_1047,CUST_0039,Savings,1060248.92,INR,Active,Verified,2025-05-08 22:51:20
ACC_1048,CUST_0124,CreditCard,1393742.19,INR,Active,Verified,2025-08-18 14:36:42
ACC_1049,CUST_0241,Current,1011864.22,INR,Active,Verified,2026-02-04 08:36:07
ACC_1050,CUST_0604,Current,923348.72,INR,Active,Verified,2025-07-25 15:33:50
ACC_1051,CUST_0119,Current,95613.87,INR,Active,Verified,2026-03-20 22:22:25
ACC_1052,CUST_0934,Current,1471923.74,INR,Active,Verified,2025-07-30 23:57:34
ACC_1053,CUST_0460,CreditCard,225310.35,INR,Active,Verified,2026-03-12 04:04:30
ACC_1054,CUST_0402,Savings,26370.06,INR,Active,Verified,2025-05-22 08:55:11
ACC_1055,CUST_0822,Savings,1275915.99,INR,Active,Verified,2026-02-19 22:16:19
ACC_1056,CUST_0165,CreditCard,1285890.53,INR,Active,Verified,2025-06-28 01:05:16
ACC_1057,CUST_0740,CreditCard,1492937.39,INR,Active,Verified,2025-10-12 04:54:40
ACC_1058,CUST_0292,Current,345005.9,INR,Active,Verified,2025-06-01 23:03:51
ACC_1059,CUST_0464,Savings,588001.29,INR,Active,Verified,2025-09-12 18:44:10
ACC_1060,CUST_0068,CreditCard,1199612.03,INR,Active,Verified,2025-10-26 17:57:10
ACC_1061,CUST_0858,Current,497450.49,INR,Active,Verified,2026-03-13 14:55:10
ACC_1062,CUST_0720,CreditCard,639075.58,INR,Active,Verified,2025-09-11 08:43:21
ACC_1063,CUST_0661,CreditCard,748965.37,INR,Active,Verified,2026-03-19 13:42:27
ACC_1064,CUST_0483,Current,1312457.89,INR,Active,Verified,2026-03-24 03:23:48
ACC_1065,CUST_0651,Current,269632.22,INR,Active,Verified,2026-02-05 14:51:22
ACC_1066,CUST_0460,Current,1379837.64,INR,Active,Verified,2026-03-12 04:04:30
ACC_1067,CUST_0437,Current,1024383.56,INR,Active,Verified,2025-06-18 14:09:24
ACC_1068,CUST_0666,Current,1165376.28,INR,Active,Verified,2025-07-28 00:02:15
ACC_1069,CUST_0289,CreditCard,497626.32,INR,Active,Verified,2026-01-30 03:06:06
ACC_1070,CUST_0917,CreditCard,207565.75,INR,Active,Verified,2025-08-03 06:53:37
ACC_1071,CUST_0219,Savings,678341.95,INR,Active,Verified,2025-05-21 12:45:28
ACC_1072,CUST_0066,CreditCard,810926.66,INR,Active,Verified,2025-10-18 11:40:45
ACC_1073,CUST_0369,Current,152434.33,INR,Active,Verified,2025-11-30 03:52:03
ACC_1074,CUST_0848,CreditCard,489835.75,INR,Active,Verified,2026-01-11 20:20:01
ACC_1075,CUST_0888,Savings,225834.02,INR,Active,Verified,2025-11-09 22:29:05
ACC_1076,CUST_0389,CreditCard,715278.46,INR,Active,Verified,2026-01-13 01:26:33
ACC_1077,CUST_0056,Savings,1322860.48,INR,Active,Verified,2025-11-04 14:51:43
ACC_1078,CUST_0274,Current,1064993.3,INR,Active,Verified,2025-11-08 11:18:38
ACC_1079,CUST_0522,Current,130277.03,INR,Active,Verified,2025-08-28 20:26:41
ACC_1080,CUST_0460,Current,29633.07,INR,Active,Verified,2026-03-12 04:04:30
ACC_1081,CUST_0133,CreditCard,1467067.82,INR,Active,Verified,2025-09-22 23:18:27
ACC_1082,CUST_0464,Current,1291251.47,INR,Active,Verified,2025-09-12 18:44:10
ACC_1083,CUST_0369,Current,1328086.22,INR,Active,Verified,2025-11-30 03:52:03
ACC_1084,CUST_0454,CreditCard,1175109.87,INR,Active,Verified,2025-05-14 17:30:37
ACC_1085,CUST_0292,CreditCard,1301158.37,INR,Active,Verified,2025-06-01 23:03:51
ACC_1086,CUST_0011,Savings,405127.52,INR,Active,Verified,2025-06-17 14:37:20
ACC_1087,CUST_0436,Current,476360.93,INR,Active,Verified,2026-03-23 22:56:45
ACC_1088,CUST_0887,CreditCard,1330922.98,INR,Active,Verified,2025-10-11 00:57:32
ACC_1089,CUST_0966,CreditCard,780613.61,INR,Active,Verified,2025-07-18 07:59:00
ACC_1090,CUST_0559,Current,1365698.39,INR,Active,Verified,2026-01-14 23:19:13
ACC_1091,CUST_0552,CreditCard,450443.68,INR,Active,Verified,2025-04-28 04:59:22
ACC_1092,CUST_0270,CreditCard,137193.64,INR,Active,Verified,2025-07-18 07:02:20
ACC_1093,CUST_0281,Savings,763842.54,INR,Active,Verified,2025-08-17 00:19:40
ACC_1094,CUST_0622,Savings,473805.43,INR,Active,Verified,2025-11-19 02:12:18
ACC_1095,CUST_0516,Savings,343263.84,INR,Active,Verified,2026-03-12 18:14:58
ACC_1096,CUST_0849,Current,723215.08,INR,Active,Verified,2025-12-03 18:58:05
ACC_1097,CUST_0094,Current,1054048.83,INR,Active,Verified,2025-10-01 07:22:03
ACC_1098,CUST_0655,CreditCard,536919.5,INR,Active,Verified,2025-12-19 17:19:26
ACC_1099,CUST_0657,Current,700639.31,INR,Active,Verified,2025-04-17 17:00:44
ACC_1100,CUST_0208,CreditCard,216338.65,INR,Active,Verified,2026-01-02 00:35:55
ACC_1101,CUST_0233,Current,1265968.58,INR,Active,Verified,2026-02-17 13:39:52
ACC_1102,CUST_0227,CreditCard,1365031.45,INR,Active,Verified,2025-09-16 10:16:07
ACC_1103,CUST_0252,CreditCard,234395.87,INR,Active,Verified,2025-06-28 20:19:29
ACC_1104,CUST_0174,CreditCard,517762.11,INR,Active,Verified,2026-03-07 01:29:27
ACC_1105,CUST_0305,CreditCard,472678.83,INR,Active,Verified,2025-10-20 23:25:58
ACC_1106,CUST_0326,Current,735694.23,INR,Active,Verified,2025-05-15 16:52:53
ACC_1107,CUST_0476,CreditCard,1492533.14,INR,Active,Verified,2025-04-22 10:44:28
ACC_1108,CUST_0627,Savings,365672.92,INR,Active,Verified,2025-11-07 23:00:49
ACC_1109,CUST_0475,Current,1240060.7,INR,Active,Verified,2025-08-17 06:06:47
ACC_1110,CUST_0656,Current,238058.53,INR,Active,Verified,2025-10-19 22:13:46
ACC_1111,CUST_0091,CreditCard,278344.75,INR,Active,Verified,2025-10-14 11:28:52
ACC_1112,CUST_0030,Savings,1392036.96,INR,Active,Verified,2025-06-24 11:33:15
ACC_1113,CUST_0176,Current,124245.84,INR,Active,Verified,2025-08-10 05:32:06
ACC_1114,CUST_0523,Savings,95297.27,INR,Active,Verified,2025-10-25 16:50:02
ACC_1115,CUST_0477,Savings,625427.46,INR,Active,Verified,2025-05-29 12:13:28
ACC_1116,CUST_0734,Savings,703464.68,INR,Active,Verified,2025-07-29 07:28:30
ACC_1117,CUST_0829,CreditCard,390330.63,INR,Active,Verified,2025-12-17 04:31:43
ACC_1118,CUST_0226,Current,1106812.01,INR,Active,Verified,2026-02-25 01:30:37
ACC_1119,CUST_0546,Savings,1188566.32,INR,Active,Verified,2025-11-05 08:57:19
ACC_1120,CUST_0719,CreditCard,1257340.36,INR,Active,Verified,2026-01-24 09:14:10
ACC_1121,CUST_0645,Current,609025.28,INR,Active,Verified,2025-08-11 20:27:07
ACC_1122,CUST_0726,Current,483446.61,INR,Active,Verified,2025-05-21 01:16:50
ACC_1123,CUST_0410,Current,449333.42,INR,Active,Verified,2026-01-05 13:44:11
ACC_1124,CUST_0269,Savings,121121.46,INR,Active,Verified,2025-07-28 10:30:54
ACC_1125,CUST_0468,Current,1213420.0,INR,Active,Verified,2025-09-27 20:46:52
ACC_1126,CUST_0306,Current,1183847.48,INR,Active,Verified,2026-01-19 18:45:46
ACC_1127,CUST_0822,CreditCard,256488.36,INR,Active,Verified,2026-02-19 22:16:19
ACC_1128,CUST_0248,Savings,1132410.03,INR,Active,Verified,2025-10-06 16:26:50
ACC_1129,CUST_0691,Savings,417134.27,INR,Active,Verified,2026-02-19 09:20:33
ACC_1130,CUST_0584,Current,887970.87,INR,Active,Verified,2025-10-14 03:09:50
ACC_1131,CUST_0622,CreditCard,112463.75,INR,Active,Verified,2025-11-19 02:12:18
ACC_1132,CUST_0316,Current,402866.38,INR,Active,Verified,2025-06-29 10:42:10
ACC_1133,CUST_0435,Current,83232.77,INR,Active,Verified,2025-10-14 10:26:01
ACC_1134,CUST_0634,Savings,279000.06,INR,Active,Verified,2025-10-16 14:03:35
ACC_1135,CUST_0004,Current,722196.19,INR,Active,Verified,2026-02-18 21:15:55
ACC_1136,CUST_0743,Savings,461525.47,INR,Active,Verified,2025-09-25 02:02:10
ACC_1137,CUST_0804,Savings,596363.14,INR,Active,Verified,2025-04-04 13:43:46
ACC_1138,CUST_0078,Savings,337964.36,INR,Active,Verified,2025-10-23 17:45:48
ACC_1139,CUST_0662,Current,609750.28,INR,Active,Verified,2025-06-09 06:33:47
ACC_1140,CUST_0064,CreditCard,556437.91,INR,Active,Verified,2025-08-03 06:43:03
ACC_1141,CUST_0809,CreditCard,1293086.94,INR,Active,Verified,2026-02-09 20:13:02
ACC_1142,CUST_0324,CreditCard,380039.46,INR,Active,Verified,2025-08-11 23:04:26
ACC_1143,CUST_0485,Current,6302.05,INR,Active,Verified,2026-01-11 11:37:09
ACC_1144,CUST_0443,Current,1235461.38,INR,Active,Verified,2025-04-15 22:00:01
ACC_1145,CUST_0743,Current,221013.95,INR,Active,Verified,2025-09-25 02:02:10
ACC_1146,CUST_0466,Current,653208.24,INR,Active,Verified,2026-03-21 08:32:15
ACC_1147,CUST_0635,Savings,526564.39,INR,Active,Verified,2026-03-30 14:44:59
ACC_1148,CUST_0187,CreditCard,77397.53,INR,Active,Verified,2025-09-16 08:05:42
ACC_1149,CUST_0133,CreditCard,1489349.8,INR,Active,Verified,2025-09-22 23:18:27
ACC_1150,CUST_0836,CreditCard,1141378.57,INR,Active,Verified,2025-05-03 06:55:21
ACC_1151,CUST_0714,Savings,1146322.47,INR,Active,Verified,2025-10-27 05:20:47
ACC_1152,CUST_0528,Current,783318.7,INR,Active,Verified,2026-01-25 03:16:25
ACC_1153,CUST_0397,Current,768029.81,INR,Active,Verified,2025-08-28 12:20:14
ACC_1154,CUST_0930,CreditCard,731752.02,INR,Active,Verified,2025-04-12 11:58:38
ACC_1155,CUST_0691,CreditCard,406262.51,INR,Active,Verified,2026-02-19 09:20:33
ACC_1156,CUST_0709,CreditCard,823697.86,INR,Active,Verified,2025-12-24 16:21:38
ACC_1157,CUST_0434,CreditCard,594013.44,INR,Active,Verified,2025-07-08 20:44:02
ACC_1158,CUST_0055,Savings,974429.76,INR,Active,Verified,2025-11-29 05:49:06
ACC_1159,CUST_0543,CreditCard,432601.35,INR,Active,Verified,2025-11-11 03:26:50
ACC_1160,CUST_0522,Savings,9826.67,INR,Active,Verified,2025-08-28 20:26:41
ACC_1161,CUST_0973,CreditCard,618868.6,INR,Active,Verified,2025-04-16 15:37:48
ACC_1162,CUST_0845,Current,1236645.52,INR,Active,Verified,2026-02-03 01:30:35
ACC_1163,CUST_0885,Savings,278557.74,INR,Active,Verified,2025-04-24 11:15:29
ACC_1164,CUST_0418,Current,244061.16,INR,Active,Verified,2025-12-24 07:17:06
ACC_1165,CUST_0470,Current,267821.38,INR,Active,Verified,2025-09-21 11:55:32
ACC_1166,CUST_0169,Savings,1234164.41,INR,Active,Verified,2025-04-11 15:33:09
ACC_1167,CUST_0435,Current,1142361.09,INR,Active,Verified,2025-10-14 10:26:01
ACC_1168,CUST_0002,Savings,44768.02,INR,Active,Verified,2026-01-08 01:09:36
ACC_1169,CUST_0914,Current,1133202.64,INR,Active,Verified,2026-03-28 18:48:18
ACC_1170,CUST_0018,Current,878277.91,INR,Active,Verified,2025-10-04 06:37:34
ACC_1171,CUST_0312,Current,402505.95,INR,Active,Verified,2025-12-05 15:19:38
ACC_1172,CUST_0328,Current,1462546.97,INR,Active,Verified,2025-06-22 12:24:29
ACC_1173,CUST_0522,CreditCard,1168512.53,INR,Active,Verified,2025-08-28 20:26:41
ACC_1174,CUST_0203,CreditCard,1482510.18,INR,Active,Verified,2026-01-21 16:14:35
ACC_1175,CUST_0916,Savings,915561.3,INR,Active,Verified,2025-09-01 23:26:21
ACC_1176,CUST_0150,Current,1113609.61,INR,Active,Verified,2026-03-14 18:24:59
ACC_1177,CUST_0613,CreditCard,285961.25,INR,Active,Verified,2025-08-14 00:23:34
ACC_1178,CUST_0421,Current,992015.8,INR,Active,Verified,2025-06-15 16:53:17
ACC_1179,CUST_0758,Current,1388035.36,INR,Active,Verified,2025-09-30 20:35:56
ACC_1180,CUST_0045,Savings,273967.13,INR,Active,Verified,2025-10-30 16:44:03
ACC_1181,CUST_0378,Savings,538526.16,INR,Active,Verified,2025-08-14 22:13:07
ACC_1182,CUST_0490,CreditCard,1029677.79,INR,Active,Verified,2025-06-24 23:59:22
ACC_1183,CUST_0617,Current,852779.53,INR,Active,Verified,2025-06-19 05:17:42
ACC_1184,CUST_0934,CreditCard,817498.65,INR,Active,Verified,2025-07-30 23:57:34
ACC_1185,CUST_0651,Savings,240521.93,INR,Active,Verified,2026-02-05 14:51:22
ACC_1186,CUST_0177,CreditCard,1356279.97,INR,Active,Verified,2026-02-28 15:12:39
ACC_1187,CUST_0536,CreditCard,660484.4,INR,Active,Verified,2025-09-26 01:10:17
ACC_1188,CUST_0931,Savings,846434.71,INR,Active,Verified,2026-01-14 01:01:59
ACC_1189,CUST_0458,CreditCard,797012.89,INR,Active,Verified,2025-05-02 19:33:17
ACC_1190,CUST_0860,Current,1456884.5,INR,Active,Verified,2025-04-18 11:34:04
ACC_1191,CUST_0072,Current,131937.74,INR,Active,Verified,2026-03-31 13:38:29
ACC_1192,CUST_0458,Savings,865662.59,INR,Active,Verified,2025-05-02 19:33:17
ACC_1193,CUST_0857,Savings,1067016.14,INR,Active,Verified,2025-05-16 04:13:07
ACC_1194,CUST_0851,CreditCard,138490.89,INR,Active,Verified,2026-03-10 01:14:56
ACC_1195,CUST_0172,Savings,457740.21,INR,Active,Verified,2025-10-15 15:28:36
ACC_1196,CUST_0951,Savings,927942.81,INR,Active,Verified,2025-12-20 06:30:42
ACC_1197,CUST_0742,Savings,72101.68,INR,Active,Verified,2025-10-19 17:20:22
ACC_1198,CUST_0114,CreditCard,87811.31,INR,Active,Verified,2026-01-21 19:59:29
ACC_1199,CUST_0554,Savings,965347.49,INR,Active,Verified,2025-12-09 06:45:31
ACC_1200,CUST_0178,CreditCard,972052.19,INR,Active,Verified,2025-08-12 15:32:59
