customer_id,first_name,last_name,email,signup_date,gender,age,preferred_language,acquisition_channel,lifetime_value
CUST_0001,Divya,Rao,cust_0001@customer-c360.com,2026-01-31,Female,23,English,Direct Traffic,21256.21
CUST_0002,Sneha,Singh,cust_0002@customer-c360.com,2026-01-14,Other,44,English,Organic Search,10259.77
CUST_0003,Divya,Nair,cust_0003@customer-c360.com,2026-03-31,Other,62,English,Direct Traffic,11577.85
CUST_0004,Amit,Gupta,cust_0004@customer-c360.com,2026-04-10,Male,49,English,Facebook Ads,887.3
CUST_0005,Sneha,Singh,cust_0005@customer-c360.com,2026-03-08,Male,64,English,Facebook Ads,0.0
CUST_0006,Arjun,Singh,cust_0006@customer-c360.com,2026-01-11,Female,44,English,Facebook Ads,10037.54
CUST_0007,Arjun,Patel,cust_0007@customer-c360.com,2026-02-28,Other,56,English,Organic Search,13310.6
CUST_0008,Arjun,Gupta,cust_0008@customer-c360.com,2026-01-13,Other,51,English,Direct Traffic,12324.06
CUST_0009,Karan,Kumbari,cust_0009@customer-c360.com,2026-01-17,Female,59,English,Facebook Ads,10393.87
CUST_0010,Rohan,Singh,cust_0010@customer-c360.com,2026-01-20,Female,52,English,Facebook Ads,19358.92
CUST_0011,Rohan,Patel,cust_0011@customer-c360.com,2026-01-02,Male,40,English,Direct Traffic,14926.6
CUST_0012,Divya,Gupta,cust_0012@customer-c360.com,2026-01-02,Other,52,English,Google Ads,0.0
CUST_0013,Karan,Gupta,cust_0013@customer-c360.com,2026-02-03,Male,27,English,Organic Search,14986.18
CUST_0014,Shweta,Rao,cust_0014@customer-c360.com,2026-02-16,Other,25,English,Facebook Ads,2489.48
CUST_0015,Rohan,Das,cust_0015@customer-c360.com,2026-03-28,Female,36,English,Facebook Ads,17410.24
CUST_0016,Divya,Joshi,cust_0016@customer-c360.com,2026-02-25,Male,23,English,Facebook Ads,2662.85
CUST_0017,Vikram,Gupta,cust_0017@customer-c360.com,2026-04-02,Female,59,English,Facebook Ads,0.0
CUST_0018,Karan,Nair,cust_0018@customer-c360.com,2026-02-06,Other,27,English,Direct Traffic,14071.49
CUST_0019,Pooja,Nair,cust_0019@customer-c360.com,2026-03-11,Female,45,English,Organic Search,7682.4
CUST_0020,Vikram,Sharma,cust_0020@customer-c360.com,2026-04-01,Male,21,English,Direct Traffic,0.0
CUST_0021,Karan,Verma,cust_0021@customer-c360.com,2026-03-14,Male,59,English,Facebook Ads,4305.47
CUST_0022,Pooja,Verma,cust_0022@customer-c360.com,2026-01-24,Male,36,English,Google Ads,1762.36
CUST_0023,Meera,Rao,cust_0023@customer-c360.com,2026-02-05,Other,40,English,Organic Search,0.0
CUST_0024,Pooja,Das,cust_0024@customer-c360.com,2026-01-19,Male,35,English,Organic Search,11089.61
CUST_0025,Amit,Joshi,cust_0025@customer-c360.com,2026-01-04,Female,35,English,Facebook Ads,17827.23
CUST_0026,Rohan,Patel,cust_0026@customer-c360.com,2026-01-12,Male,63,English,Facebook Ads,11009.02
CUST_0027,Divya,Singh,cust_0027@customer-c360.com,2026-03-25,Male,65,English,Facebook Ads,18194.57
CUST_0028,Rohan,Das,cust_0028@customer-c360.com,2026-01-12,Female,24,English,Organic Search,10368.9
CUST_0029,Meera,Gupta,cust_0029@customer-c360.com,2026-03-28,Male,28,English,Facebook Ads,0.0
CUST_0030,Sneha,Singh,cust_0030@customer-c360.com,2026-03-04,Male,61,English,Organic Search,10763.29
CUST_0031,Vikram,Rao,cust_0031@customer-c360.com,2026-03-08,Female,43,English,Organic Search,5759.41
CUST_0032,Divya,Patel,cust_0032@customer-c360.com,2026-03-15,Male,61,English,Direct Traffic,0.0
CUST_0033,Vikram,Gupta,cust_0033@customer-c360.com,2026-01-27,Female,47,English,Organic Search,10689.02
CUST_0034,Rohan,Joshi,cust_0034@customer-c360.com,2026-03-10,Male,51,English,Direct Traffic,0.0
CUST_0035,Sneha,Kumbari,cust_0035@customer-c360.com,2026-03-08,Male,29,English,Direct Traffic,0.0
CUST_0036,Divya,Nair,cust_0036@customer-c360.com,2026-01-08,Female,55,English,Organic Search,27364.12
CUST_0037,Pooja,Gupta,cust_0037@customer-c360.com,2026-03-28,Other,59,English,Facebook Ads,7263.2
CUST_0038,Rohan,Nair,cust_0038@customer-c360.com,2026-01-02,Male,23,English,Facebook Ads,4115.07
CUST_0039,Amit,Joshi,cust_0039@customer-c360.com,2026-01-20,Female,19,English,Organic Search,10360.4
CUST_0040,Amit,Das,cust_0040@customer-c360.com,2026-03-28,Other,18,English,Organic Search,7099.35
CUST_0041,Divya,Singh,cust_0041@customer-c360.com,2026-03-13,Female,54,English,Google Ads,2971.0
CUST_0042,Divya,Das,cust_0042@customer-c360.com,2026-03-01,Other,19,English,Direct Traffic,14348.86
CUST_0043,Meera,Joshi,cust_0043@customer-c360.com,2026-01-14,Other,43,English,Direct Traffic,10953.91
CUST_0044,Sneha,Das,cust_0044@customer-c360.com,2026-02-18,Male,56,English,Organic Search,2512.89
CUST_0045,Divya,Nair,cust_0045@customer-c360.com,2026-03-31,Male,50,English,Direct Traffic,15737.55
CUST_0046,Rohan,Singh,cust_0046@customer-c360.com,2026-01-17,Female,21,English,Facebook Ads,1059.22
CUST_0047,Rohan,Kumbari,cust_0047@customer-c360.com,2026-03-13,Female,36,English,Google Ads,15732.42
CUST_0048,Arjun,Nair,cust_0048@customer-c360.com,2026-02-16,Female,43,English,Direct Traffic,11758.41
CUST_0049,Amit,Nair,cust_0049@customer-c360.com,2026-02-25,Male,42,English,Facebook Ads,7950.39
CUST_0050,Rohan,Nair,cust_0050@customer-c360.com,2026-01-15,Male,38,English,Direct Traffic,24292.47
CUST_0051,Sneha,Patel,cust_0051@customer-c360.com,2026-03-03,Other,33,English,Facebook Ads,0.0
CUST_0052,Divya,Singh,cust_0052@customer-c360.com,2026-03-12,Female,24,English,Organic Search,0.0
CUST_0053,Vikram,Patel,cust_0053@customer-c360.com,2026-03-07,Female,42,English,Organic Search,1567.19
CUST_0054,Arjun,Verma,cust_0054@customer-c360.com,2026-01-10,Male,26,English,Direct Traffic,6141.42
CUST_0055,Sneha,Das,cust_0055@customer-c360.com,2026-02-22,Other,61,English,Direct Traffic,0.0
CUST_0056,Pooja,Das,cust_0056@customer-c360.com,2026-03-07,Male,33,English,Organic Search,10637.76
CUST_0057,Divya,Das,cust_0057@customer-c360.com,2026-02-24,Male,62,English,Facebook Ads,11853.21
CUST_0058,Divya,Das,cust_0058@customer-c360.com,2026-04-09,Male,46,English,Google Ads,11119.77
CUST_0059,Sneha,Singh,cust_0059@customer-c360.com,2026-04-01,Female,40,English,Direct Traffic,0.0
CUST_0060,Sneha,Joshi,cust_0060@customer-c360.com,2026-01-20,Female,52,English,Direct Traffic,11763.82
CUST_0061,Meera,Rao,cust_0061@customer-c360.com,2026-03-15,Male,60,English,Direct Traffic,6346.52
CUST_0062,Pooja,Singh,cust_0062@customer-c360.com,2026-02-01,Male,27,English,Facebook Ads,15523.79
CUST_0063,Divya,Sharma,cust_0063@customer-c360.com,2026-01-10,Male,23,English,Google Ads,18982.55
CUST_0064,Karan,Rao,cust_0064@customer-c360.com,2026-04-04,Male,19,English,Facebook Ads,0.0
CUST_0065,Karan,Joshi,cust_0065@customer-c360.com,2026-01-24,Male,46,English,Direct Traffic,11993.03
CUST_0066,Vikram,Singh,cust_0066@customer-c360.com,2026-03-06,Female,28,English,Google Ads,6479.59
CUST_0067,Shweta,Kumbari,cust_0067@customer-c360.com,2026-03-09,Male,29,English,Organic Search,5618.63
CUST_0068,Shweta,Singh,cust_0068@customer-c360.com,2026-01-05,Other,49,English,Organic Search,7127.61
CUST_0069,Meera,Das,cust_0069@customer-c360.com,2026-02-07,Male,58,English,Facebook Ads,7576.31
CUST_0070,Vikram,Nair,cust_0070@customer-c360.com,2026-03-11,Male,42,English,Organic Search,0.0
CUST_0071,Arjun,Verma,cust_0071@customer-c360.com,2026-03-01,Other,50,English,Organic Search,5410.66
CUST_0072,Divya,Kumbari,cust_0072@customer-c360.com,2026-03-15,Other,61,English,Google Ads,13346.67
CUST_0073,Sneha,Sharma,cust_0073@customer-c360.com,2026-03-19,Male,39,English,Facebook Ads,0.0
CUST_0074,Vikram,Rao,cust_0074@customer-c360.com,2026-03-10,Female,25,English,Facebook Ads,19273.77
CUST_0075,Rohan,Kumbari,cust_0075@customer-c360.com,2026-01-07,Female,53,English,Facebook Ads,6567.83
CUST_0076,Sneha,Sharma,cust_0076@customer-c360.com,2026-03-23,Male,48,English,Organic Search,10950.65
CUST_0077,Vikram,Sharma,cust_0077@customer-c360.com,2026-01-05,Other,24,English,Organic Search,0.0
CUST_0078,Meera,Joshi,cust_0078@customer-c360.com,2026-02-13,Male,22,English,Facebook Ads,23574.91
CUST_0079,Meera,Sharma,cust_0079@customer-c360.com,2026-03-05,Female,30,English,Facebook Ads,1896.91
CUST_0080,Rohan,Rao,cust_0080@customer-c360.com,2026-02-11,Male,51,English,Facebook Ads,0.0
CUST_0081,Arjun,Patel,cust_0081@customer-c360.com,2026-04-10,Male,18,English,Organic Search,0.0
CUST_0082,Sneha,Sharma,cust_0082@customer-c360.com,2026-02-18,Other,49,English,Organic Search,0.0
CUST_0083,Karan,Joshi,cust_0083@customer-c360.com,2026-02-05,Female,32,English,Facebook Ads,1682.42
CUST_0084,Divya,Singh,cust_0084@customer-c360.com,2026-01-12,Male,63,English,Google Ads,0.0
CUST_0085,Pooja,Das,cust_0085@customer-c360.com,2026-02-21,Male,35,English,Facebook Ads,6029.87
CUST_0086,Arjun,Gupta,cust_0086@customer-c360.com,2026-02-03,Other,26,English,Google Ads,4697.26
CUST_0087,Sneha,Sharma,cust_0087@customer-c360.com,2026-02-08,Female,21,English,Facebook Ads,5184.58
CUST_0088,Pooja,Joshi,cust_0088@customer-c360.com,2026-02-21,Other,43,English,Organic Search,8473.0
CUST_0089,Pooja,Gupta,cust_0089@customer-c360.com,2026-01-07,Male,27,English,Facebook Ads,6772.82
CUST_0090,Karan,Patel,cust_0090@customer-c360.com,2026-01-24,Female,46,English,Google Ads,6854.73
CUST_0091,Karan,Kumbari,cust_0091@customer-c360.com,2026-03-02,Other,38,English,Facebook Ads,6725.54
CUST_0092,Vikram,Nair,cust_0092@customer-c360.com,2026-01-22,Female,18,English,Facebook Ads,0.0
CUST_0093,Meera,Joshi,cust_0093@customer-c360.com,2026-02-13,Male,30,English,Facebook Ads,3111.26
CUST_0094,Rohan,Gupta,cust_0094@customer-c360.com,2026-02-21,Female,30,English,Google Ads,10963.9
CUST_0095,Meera,Joshi,cust_0095@customer-c360.com,2026-02-21,Male,33,English,Google Ads,0.0
CUST_0096,Shweta,Gupta,cust_0096@customer-c360.com,2026-03-03,Male,18,English,Google Ads,3345.88
CUST_0097,Arjun,Patel,cust_0097@customer-c360.com,2026-01-29,Male,28,English,Facebook Ads,5966.13
CUST_0098,Karan,Singh,cust_0098@customer-c360.com,2026-04-10,Male,58,English,Direct Traffic,17072.44
CUST_0099,Shweta,Nair,cust_0099@customer-c360.com,2026-03-03,Female,27,English,Google Ads,0.0
CUST_0100,Vikram,Nair,cust_0100@customer-c360.com,2026-01-08,Other,42,English,Facebook Ads,6131.57
CUST_0101,Karan,Gupta,cust_0101@customer-c360.com,2026-01-17,Male,27,English,Organic Search,9900.0
CUST_0102,Amit,Das,cust_0102@customer-c360.com,2026-01-05,Male,21,English,Direct Traffic,22796.26
CUST_0103,Karan,Verma,cust_0103@customer-c360.com,2026-01-20,Male,61,English,Facebook Ads,6255.2
CUST_0104,Vikram,Das,cust_0104@customer-c360.com,2026-04-03,Other,40,English,Facebook Ads,12089.84
CUST_0105,Karan,Singh,cust_0105@customer-c360.com,2026-04-07,Other,51,English,Google Ads,0.0
CUST_0106,Pooja,Gupta,cust_0106@customer-c360.com,2026-03-18,Male,42,English,Organic Search,6560.44
CUST_0107,Amit,Nair,cust_0107@customer-c360.com,2026-03-20,Male,45,English,Facebook Ads,1595.87
CUST_0108,Rohan,Sharma,cust_0108@customer-c360.com,2026-03-02,Male,40,English,Facebook Ads,1982.9
CUST_0109,Shweta,Sharma,cust_0109@customer-c360.com,2026-02-19,Female,29,English,Facebook Ads,19944.05
CUST_0110,Shweta,Nair,cust_0110@customer-c360.com,2026-03-09,Female,35,English,Facebook Ads,13440.08
CUST_0111,Pooja,Singh,cust_0111@customer-c360.com,2026-04-05,Male,50,English,Direct Traffic,11007.56
CUST_0112,Divya,Patel,cust_0112@customer-c360.com,2026-03-25,Other,28,English,Google Ads,7862.61
CUST_0113,Arjun,Singh,cust_0113@customer-c360.com,2026-03-18,Male,18,English,Direct Traffic,10506.78
CUST_0114,Meera,Patel,cust_0114@customer-c360.com,2026-01-18,Male,63,English,Facebook Ads,8645.43
CUST_0115,Divya,Patel,cust_0115@customer-c360.com,2026-01-30,Other,41,English,Direct Traffic,26852.13
CUST_0116,Vikram,Nair,cust_0116@customer-c360.com,2026-01-22,Male,33,English,Google Ads,0.0
CUST_0117,Shweta,Singh,cust_0117@customer-c360.com,2026-01-28,Female,56,English,Organic Search,0.0
CUST_0118,Pooja,Rao,cust_0118@customer-c360.com,2026-01-23,Male,62,English,Direct Traffic,0.0
CUST_0119,Sneha,Patel,cust_0119@customer-c360.com,2026-03-14,Other,46,English,Facebook Ads,12059.49
CUST_0120,Divya,Das,cust_0120@customer-c360.com,2026-02-11,Male,46,English,Google Ads,12350.97
CUST_0121,Meera,Gupta,cust_0121@customer-c360.com,2026-03-29,Other,46,English,Direct Traffic,16755.66
CUST_0122,Sneha,Nair,cust_0122@customer-c360.com,2026-04-02,Male,65,English,Organic Search,17868.81
CUST_0123,Amit,Das,cust_0123@customer-c360.com,2026-03-25,Other,42,English,Direct Traffic,12691.59
CUST_0124,Karan,Rao,cust_0124@customer-c360.com,2026-01-09,Female,54,English,Direct Traffic,5769.74
CUST_0125,Divya,Nair,cust_0125@customer-c360.com,2026-03-28,Other,33,English,Organic Search,12064.77
CUST_0126,Pooja,Sharma,cust_0126@customer-c360.com,2026-01-13,Female,48,English,Direct Traffic,17249.58
CUST_0127,Rohan,Gupta,cust_0127@customer-c360.com,2026-03-21,Male,44,English,Organic Search,3651.42
CUST_0128,Rohan,Nair,cust_0128@customer-c360.com,2026-04-10,Other,18,English,Google Ads,4468.08
CUST_0129,Karan,Das,cust_0129@customer-c360.com,2026-01-14,Male,45,English,Facebook Ads,2301.14
CUST_0130,Meera,Verma,cust_0130@customer-c360.com,2026-03-26,Other,38,English,Organic Search,6435.21
CUST_0131,Pooja,Nair,cust_0131@customer-c360.com,2026-03-27,Other,26,English,Direct Traffic,0.0
CUST_0132,Karan,Kumbari,cust_0132@customer-c360.com,2026-01-25,Male,40,English,Organic Search,0.0
CUST_0133,Shweta,Patel,cust_0133@customer-c360.com,2026-01-17,Female,45,English,Google Ads,29059.45
CUST_0134,Pooja,Rao,cust_0134@customer-c360.com,2026-03-31,Other,21,English,Facebook Ads,11784.86
CUST_0135,Sneha,Joshi,cust_0135@customer-c360.com,2026-04-02,Other,55,English,Facebook Ads,2572.15
CUST_0136,Amit,Kumbari,cust_0136@customer-c360.com,2026-03-19,Female,33,English,Direct Traffic,20207.1
CUST_0137,Shweta,Nair,cust_0137@customer-c360.com,2026-01-30,Other,36,English,Google Ads,8855.46
CUST_0138,Arjun,Gupta,cust_0138@customer-c360.com,2026-04-10,Female,56,English,Facebook Ads,894.08
CUST_0139,Meera,Rao,cust_0139@customer-c360.com,2026-02-05,Male,19,English,Direct Traffic,13165.27
CUST_0140,Rohan,Nair,cust_0140@customer-c360.com,2026-02-02,Male,24,English,Google Ads,13276.84
CUST_0141,Arjun,Rao,cust_0141@customer-c360.com,2026-02-23,Female,63,English,Facebook Ads,14698.92
CUST_0142,Rohan,Gupta,cust_0142@customer-c360.com,2026-01-18,Female,65,English,Facebook Ads,723.7
CUST_0143,Arjun,Joshi,cust_0143@customer-c360.com,2026-03-25,Male,18,English,Google Ads,0.0
CUST_0144,Amit,Patel,cust_0144@customer-c360.com,2026-01-02,Other,44,English,Facebook Ads,4278.26
CUST_0145,Karan,Gupta,cust_0145@customer-c360.com,2026-03-01,Other,51,English,Organic Search,8221.8
CUST_0146,Amit,Rao,cust_0146@customer-c360.com,2026-03-12,Male,32,English,Organic Search,8876.59
CUST_0147,Pooja,Gupta,cust_0147@customer-c360.com,2026-01-20,Other,19,English,Facebook Ads,15814.81
CUST_0148,Rohan,Das,cust_0148@customer-c360.com,2026-03-31,Female,59,English,Facebook Ads,9026.26
CUST_0149,Arjun,Das,cust_0149@customer-c360.com,2026-04-05,Other,61,English,Facebook Ads,11655.89
CUST_0150,Rohan,Rao,cust_0150@customer-c360.com,2026-02-12,Female,64,English,Facebook Ads,0.0
CUST_0151,Vikram,Singh,cust_0151@customer-c360.com,2026-02-21,Male,56,English,Organic Search,2388.92
CUST_0152,Vikram,Patel,cust_0152@customer-c360.com,2026-02-27,Female,59,English,Organic Search,0.0
CUST_0153,Shweta,Joshi,cust_0153@customer-c360.com,2026-01-07,Other,18,English,Organic Search,0.0
CUST_0154,Meera,Patel,cust_0154@customer-c360.com,2026-01-24,Female,48,English,Facebook Ads,0.0
CUST_0155,Pooja,Verma,cust_0155@customer-c360.com,2026-02-24,Male,49,English,Facebook Ads,22310.42
CUST_0156,Sneha,Verma,cust_0156@customer-c360.com,2026-03-09,Female,24,English,Facebook Ads,9871.79
CUST_0157,Vikram,Joshi,cust_0157@customer-c360.com,2026-01-20,Other,37,English,Facebook Ads,12488.46
CUST_0158,Amit,Singh,cust_0158@customer-c360.com,2026-02-11,Other,45,English,Direct Traffic,9116.26
CUST_0159,Meera,Nair,cust_0159@customer-c360.com,2026-01-15,Female,47,English,Direct Traffic,4878.1
CUST_0160,Amit,Das,cust_0160@customer-c360.com,2026-01-20,Male,54,English,Direct Traffic,6363.7
CUST_0161,Arjun,Das,cust_0161@customer-c360.com,2026-03-19,Other,53,English,Organic Search,0.0
CUST_0162,Karan,Kumbari,cust_0162@customer-c360.com,2026-01-07,Male,44,English,Facebook Ads,3349.77
CUST_0163,Arjun,Sharma,cust_0163@customer-c360.com,2026-02-12,Female,42,English,Facebook Ads,17131.81
CUST_0164,Arjun,Gupta,cust_0164@customer-c360.com,2026-03-08,Other,53,English,Organic Search,2460.36
CUST_0165,Amit,Joshi,cust_0165@customer-c360.com,2026-02-07,Other,40,English,Google Ads,0.0
CUST_0166,Shweta,Sharma,cust_0166@customer-c360.com,2026-02-20,Other,60,English,Facebook Ads,0.0
CUST_0167,Vikram,Gupta,cust_0167@customer-c360.com,2026-03-03,Other,63,English,Google Ads,0.0
CUST_0168,Arjun,Kumbari,cust_0168@customer-c360.com,2026-02-19,Female,55,English,Google Ads,5719.49
CUST_0169,Divya,Rao,cust_0169@customer-c360.com,2026-01-30,Male,23,English,Facebook Ads,8436.06
CUST_0170,Sneha,Verma,cust_0170@customer-c360.com,2026-02-17,Male,58,English,Direct Traffic,18062.88
CUST_0171,Shweta,Singh,cust_0171@customer-c360.com,2026-03-27,Male,46,English,Organic Search,5969.41
CUST_0172,Arjun,Rao,cust_0172@customer-c360.com,2026-02-21,Other,27,English,Facebook Ads,10918.25
CUST_0173,Amit,Nair,cust_0173@customer-c360.com,2026-02-21,Male,46,English,Direct Traffic,0.0
CUST_0174,Karan,Verma,cust_0174@customer-c360.com,2026-04-09,Female,27,English,Direct Traffic,10428.4
CUST_0175,Rohan,Joshi,cust_0175@customer-c360.com,2026-01-02,Male,53,English,Facebook Ads,0.0
CUST_0176,Arjun,Gupta,cust_0176@customer-c360.com,2026-01-21,Other,49,English,Google Ads,9479.82
CUST_0177,Divya,Verma,cust_0177@customer-c360.com,2026-03-20,Male,22,English,Google Ads,0.0
CUST_0178,Sneha,Rao,cust_0178@customer-c360.com,2026-04-06,Male,65,English,Facebook Ads,0.0
CUST_0179,Rohan,Sharma,cust_0179@customer-c360.com,2026-03-24,Female,25,English,Google Ads,6169.88
CUST_0180,Shweta,Das,cust_0180@customer-c360.com,2026-03-02,Female,34,English,Direct Traffic,10372.78
CUST_0181,Meera,Verma,cust_0181@customer-c360.com,2026-03-17,Other,58,English,Organic Search,7396.13
CUST_0182,Pooja,Nair,cust_0182@customer-c360.com,2026-03-26,Male,59,English,Facebook Ads,9721.17
CUST_0183,Divya,Gupta,cust_0183@customer-c360.com,2026-01-21,Male,59,English,Facebook Ads,19532.54
CUST_0184,Pooja,Nair,cust_0184@customer-c360.com,2026-01-08,Female,24,English,Organic Search,15647.99
CUST_0185,Vikram,Verma,cust_0185@customer-c360.com,2026-04-03,Female,51,English,Google Ads,15312.46
CUST_0186,Divya,Das,cust_0186@customer-c360.com,2026-01-02,Female,41,English,Google Ads,17101.82
CUST_0187,Shweta,Gupta,cust_0187@customer-c360.com,2026-01-27,Male,45,English,Direct Traffic,0.0
CUST_0188,Rohan,Singh,cust_0188@customer-c360.com,2026-03-01,Male,21,English,Google Ads,0.0
CUST_0189,Vikram,Sharma,cust_0189@customer-c360.com,2026-04-11,Other,60,English,Facebook Ads,0.0
CUST_0190,Vikram,Singh,cust_0190@customer-c360.com,2026-01-08,Other,50,English,Facebook Ads,8243.53
CUST_0191,Arjun,Verma,cust_0191@customer-c360.com,2026-04-10,Female,58,English,Direct Traffic,4877.02
CUST_0192,Meera,Verma,cust_0192@customer-c360.com,2026-01-17,Male,43,English,Facebook Ads,23462.66
CUST_0193,Arjun,Das,cust_0193@customer-c360.com,2026-01-29,Female,45,English,Organic Search,0.0
CUST_0194,Amit,Singh,cust_0194@customer-c360.com,2026-01-31,Female,36,English,Organic Search,11678.54
CUST_0195,Karan,Patel,cust_0195@customer-c360.com,2026-02-27,Male,29,English,Organic Search,0.0
CUST_0196,Amit,Patel,cust_0196@customer-c360.com,2026-01-27,Female,36,English,Google Ads,6585.35
CUST_0197,Karan,Das,cust_0197@customer-c360.com,2026-03-21,Other,62,English,Direct Traffic,11917.21
CUST_0198,Amit,Gupta,cust_0198@customer-c360.com,2026-02-19,Male,65,English,Facebook Ads,10622.86
CUST_0199,Amit,Patel,cust_0199@customer-c360.com,2026-03-30,Male,43,English,Organic Search,9561.1
CUST_0200,Rohan,Rao,cust_0200@customer-c360.com,2026-01-08,Female,45,English,Google Ads,6114.24
CUST_0201,Vikram,Patel,cust_0201@customer-c360.com,2026-01-04,Female,57,English,Facebook Ads,9830.18
CUST_0202,Meera,Das,cust_0202@customer-c360.com,2026-01-16,Male,19,English,Organic Search,0.0
CUST_0203,Amit,Verma,cust_0203@customer-c360.com,2026-02-08,Female,34,English,Google Ads,10430.42
CUST_0204,Divya,Patel,cust_0204@customer-c360.com,2026-02-10,Other,40,English,Organic Search,3931.79
CUST_0205,Sneha,Verma,cust_0205@customer-c360.com,2026-02-04,Male,20,English,Direct Traffic,19038.87
CUST_0206,Karan,Patel,cust_0206@customer-c360.com,2026-01-31,Male,40,English,Google Ads,0.0
CUST_0207,Sneha,Rao,cust_0207@customer-c360.com,2026-03-06,Female,59,English,Direct Traffic,0.0
CUST_0208,Karan,Sharma,cust_0208@customer-c360.com,2026-01-21,Male,41,English,Direct Traffic,4091.56
CUST_0209,Rohan,Gupta,cust_0209@customer-c360.com,2026-01-22,Other,39,English,Facebook Ads,11409.34
CUST_0210,Shweta,Nair,cust_0210@customer-c360.com,2026-02-13,Female,44,English,Organic Search,32641.52
CUST_0211,Rohan,Das,cust_0211@customer-c360.com,2026-02-21,Male,60,English,Google Ads,0.0
CUST_0212,Vikram,Nair,cust_0212@customer-c360.com,2026-01-24,Other,28,English,Direct Traffic,0.0
CUST_0213,Shweta,Kumbari,cust_0213@customer-c360.com,2026-03-09,Female,22,English,Google Ads,8336.1
CUST_0214,Divya,Joshi,cust_0214@customer-c360.com,2026-04-04,Female,37,English,Direct Traffic,15201.93
CUST_0215,Pooja,Kumbari,cust_0215@customer-c360.com,2026-03-05,Female,59,English,Google Ads,8707.08
CUST_0216,Arjun,Nair,cust_0216@customer-c360.com,2026-02-07,Female,58,English,Organic Search,9974.31
CUST_0217,Karan,Patel,cust_0217@customer-c360.com,2026-03-15,Female,24,English,Direct Traffic,17778.57
CUST_0218,Amit,Kumbari,cust_0218@customer-c360.com,2026-03-13,Female,20,English,Google Ads,22884.12
CUST_0219,Arjun,Rao,cust_0219@customer-c360.com,2026-01-26,Female,46,English,Facebook Ads,4758.91
CUST_0220,Sneha,Rao,cust_0220@customer-c360.com,2026-01-15,Other,22,English,Facebook Ads,4491.43
CUST_0221,Amit,Nair,cust_0221@customer-c360.com,2026-02-21,Male,26,English,Google Ads,0.0
CUST_0222,Meera,Sharma,cust_0222@customer-c360.com,2026-01-01,Other,64,English,Direct Traffic,10113.13
CUST_0223,Sneha,Das,cust_0223@customer-c360.com,2026-01-08,Male,48,English,Facebook Ads,0.0
CUST_0224,Shweta,Joshi,cust_0224@customer-c360.com,2026-02-16,Female,39,English,Organic Search,1599.28
CUST_0225,Vikram,Nair,cust_0225@customer-c360.com,2026-02-11,Other,64,English,Direct Traffic,27708.42
CUST_0226,Rohan,Verma,cust_0226@customer-c360.com,2026-02-05,Female,38,English,Google Ads,0.0
CUST_0227,Vikram,Joshi,cust_0227@customer-c360.com,2026-02-11,Male,42,English,Google Ads,0.0
CUST_0228,Karan,Sharma,cust_0228@customer-c360.com,2026-02-15,Female,32,English,Facebook Ads,3065.76
CUST_0229,Rohan,Singh,cust_0229@customer-c360.com,2026-02-27,Female,37,English,Direct Traffic,11587.01
CUST_0230,Vikram,Das,cust_0230@customer-c360.com,2026-03-30,Other,47,English,Direct Traffic,7065.31
CUST_0231,Amit,Das,cust_0231@customer-c360.com,2026-01-24,Female,33,English,Organic Search,6675.18
CUST_0232,Arjun,Joshi,cust_0232@customer-c360.com,2026-02-12,Other,21,English,Direct Traffic,9398.56
CUST_0233,Meera,Sharma,cust_0233@customer-c360.com,2026-03-08,Female,64,English,Facebook Ads,0.0
CUST_0234,Divya,Joshi,cust_0234@customer-c360.com,2026-03-24,Other,30,English,Facebook Ads,0.0
CUST_0235,Rohan,Nair,cust_0235@customer-c360.com,2026-03-02,Other,32,English,Direct Traffic,3119.45
CUST_0236,Sneha,Rao,cust_0236@customer-c360.com,2026-01-07,Female,21,English,Facebook Ads,7298.39
CUST_0237,Shweta,Patel,cust_0237@customer-c360.com,2026-01-19,Male,25,English,Facebook Ads,1504.15
CUST_0238,Shweta,Gupta,cust_0238@customer-c360.com,2026-02-06,Male,34,English,Direct Traffic,8932.06
CUST_0239,Karan,Nair,cust_0239@customer-c360.com,2026-01-09,Male,60,English,Direct Traffic,5011.32
CUST_0240,Vikram,Nair,cust_0240@customer-c360.com,2026-03-04,Other,41,English,Facebook Ads,12407.72
CUST_0241,Rohan,Rao,cust_0241@customer-c360.com,2026-02-24,Female,37,English,Organic Search,0.0
CUST_0242,Pooja,Patel,cust_0242@customer-c360.com,2026-03-04,Other,49,English,Organic Search,0.0
CUST_0243,Shweta,Gupta,cust_0243@customer-c360.com,2026-02-15,Female,28,English,Facebook Ads,2677.58
CUST_0244,Vikram,Patel,cust_0244@customer-c360.com,2026-03-10,Female,30,English,Google Ads,0.0
CUST_0245,Pooja,Sharma,cust_0245@customer-c360.com,2026-01-17,Female,46,English,Direct Traffic,11317.23
CUST_0246,Shweta,Joshi,cust_0246@customer-c360.com,2026-02-15,Male,26,English,Direct Traffic,3307.09
CUST_0247,Arjun,Kumbari,cust_0247@customer-c360.com,2026-03-09,Female,23,English,Direct Traffic,11647.66
CUST_0248,Sneha,Rao,cust_0248@customer-c360.com,2026-03-27,Male,41,English,Facebook Ads,6555.6
CUST_0249,Arjun,Verma,cust_0249@customer-c360.com,2026-01-10,Other,29,English,Facebook Ads,16251.05
CUST_0250,Meera,Nair,cust_0250@customer-c360.com,2026-03-04,Other,63,English,Facebook Ads,17730.8
CUST_0251,Divya,Kumbari,cust_0251@customer-c360.com,2026-02-24,Male,59,English,Organic Search,0.0
CUST_0252,Vikram,Kumbari,cust_0252@customer-c360.com,2026-03-15,Female,49,English,Organic Search,0.0
CUST_0253,Arjun,Kumbari,cust_0253@customer-c360.com,2026-03-02,Female,35,English,Facebook Ads,13841.23
CUST_0254,Shweta,Das,cust_0254@customer-c360.com,2026-04-02,Other,49,English,Organic Search,5408.91
CUST_0255,Meera,Nair,cust_0255@customer-c360.com,2026-01-10,Male,48,English,Organic Search,27670.13
CUST_0256,Rohan,Singh,cust_0256@customer-c360.com,2026-03-11,Female,44,English,Direct Traffic,0.0
CUST_0257,Karan,Das,cust_0257@customer-c360.com,2026-03-14,Female,30,English,Direct Traffic,770.57
CUST_0258,Pooja,Verma,cust_0258@customer-c360.com,2026-03-27,Female,40,English,Organic Search,10497.59
CUST_0259,Arjun,Rao,cust_0259@customer-c360.com,2026-03-20,Other,26,English,Direct Traffic,17510.58
CUST_0260,Shweta,Gupta,cust_0260@customer-c360.com,2026-02-02,Male,18,English,Direct Traffic,0.0
CUST_0261,Karan,Singh,cust_0261@customer-c360.com,2026-03-15,Male,31,English,Facebook Ads,1872.42
CUST_0262,Karan,Joshi,cust_0262@customer-c360.com,2026-01-31,Male,20,English,Facebook Ads,15174.43
CUST_0263,Vikram,Singh,cust_0263@customer-c360.com,2026-01-10,Female,33,English,Facebook Ads,0.0
CUST_0264,Karan,Kumbari,cust_0264@customer-c360.com,2026-01-08,Female,64,English,Organic Search,0.0
CUST_0265,Amit,Singh,cust_0265@customer-c360.com,2026-01-28,Female,27,English,Direct Traffic,1061.96
CUST_0266,Karan,Rao,cust_0266@customer-c360.com,2026-02-27,Other,42,English,Google Ads,5735.81
CUST_0267,Karan,Singh,cust_0267@customer-c360.com,2026-03-16,Male,21,English,Google Ads,4852.58
CUST_0268,Sneha,Joshi,cust_0268@customer-c360.com,2026-03-12,Female,50,English,Direct Traffic,3188.29
CUST_0269,Amit,Verma,cust_0269@customer-c360.com,2026-02-25,Male,62,English,Google Ads,6568.14
CUST_0270,Pooja,Nair,cust_0270@customer-c360.com,2026-01-22,Female,32,English,Organic Search,5709.63
CUST_0271,Meera,Sharma,cust_0271@customer-c360.com,2026-01-01,Other,51,English,Direct Traffic,0.0
CUST_0272,Shweta,Kumbari,cust_0272@customer-c360.com,2026-01-30,Other,39,English,Facebook Ads,273.36
CUST_0273,Vikram,Gupta,cust_0273@customer-c360.com,2026-02-27,Other,60,English,Organic Search,2653.79
CUST_0274,Amit,Kumbari,cust_0274@customer-c360.com,2026-02-17,Other,29,English,Facebook Ads,17158.44
CUST_0275,Pooja,Das,cust_0275@customer-c360.com,2026-02-19,Female,64,English,Direct Traffic,18987.68
CUST_0276,Meera,Das,cust_0276@customer-c360.com,2026-03-17,Other,35,English,Direct Traffic,0.0
CUST_0277,Vikram,Rao,cust_0277@customer-c360.com,2026-01-22,Male,65,English,Organic Search,18000.55
CUST_0278,Meera,Gupta,cust_0278@customer-c360.com,2026-04-08,Male,34,English,Google Ads,8753.01
CUST_0279,Vikram,Joshi,cust_0279@customer-c360.com,2026-02-22,Female,24,English,Organic Search,11976.07
CUST_0280,Pooja,Patel,cust_0280@customer-c360.com,2026-02-18,Male,40,English,Google Ads,8573.03
CUST_0281,Rohan,Singh,cust_0281@customer-c360.com,2026-01-11,Female,65,English,Direct Traffic,14291.93
CUST_0282,Meera,Patel,cust_0282@customer-c360.com,2026-03-08,Other,55,English,Facebook Ads,0.0
CUST_0283,Sneha,Nair,cust_0283@customer-c360.com,2026-04-06,Female,62,English,Facebook Ads,12508.41
CUST_0284,Divya,Gupta,cust_0284@customer-c360.com,2026-03-22,Male,33,English,Direct Traffic,3510.77
CUST_0285,Arjun,Joshi,cust_0285@customer-c360.com,2026-04-10,Male,32,English,Facebook Ads,6707.21
CUST_0286,Pooja,Gupta,cust_0286@customer-c360.com,2026-03-05,Other,48,English,Direct Traffic,6691.89
CUST_0287,Karan,Das,cust_0287@customer-c360.com,2026-03-25,Female,51,English,Google Ads,12033.75
CUST_0288,Divya,Rao,cust_0288@customer-c360.com,2026-01-20,Male,24,English,Organic Search,0.0
CUST_0289,Shweta,Joshi,cust_0289@customer-c360.com,2026-03-08,Other,59,English,Organic Search,0.0
CUST_0290,Sneha,Nair,cust_0290@customer-c360.com,2026-02-21,Other,36,English,Google Ads,20678.53
CUST_0291,Amit,Joshi,cust_0291@customer-c360.com,2026-01-09,Male,38,English,Facebook Ads,18046.15
CUST_0292,Sneha,Rao,cust_0292@customer-c360.com,2026-02-23,Female,59,English,Facebook Ads,13712.52
CUST_0293,Shweta,Singh,cust_0293@customer-c360.com,2026-01-31,Female,60,English,Direct Traffic,16400.91
CUST_0294,Meera,Sharma,cust_0294@customer-c360.com,2026-01-13,Other,44,English,Organic Search,3528.68
CUST_0295,Meera,Rao,cust_0295@customer-c360.com,2026-03-27,Female,30,English,Facebook Ads,0.0
CUST_0296,Amit,Gupta,cust_0296@customer-c360.com,2026-03-27,Other,32,English,Facebook Ads,9754.04
CUST_0297,Rohan,Singh,cust_0297@customer-c360.com,2026-04-04,Male,35,English,Google Ads,2793.22
CUST_0298,Rohan,Singh,cust_0298@customer-c360.com,2026-01-17,Female,20,English,Organic Search,0.0
CUST_0299,Meera,Kumbari,cust_0299@customer-c360.com,2026-04-06,Male,45,English,Direct Traffic,3050.22
CUST_0300,Shweta,Das,cust_0300@customer-c360.com,2026-01-30,Female,64,English,Direct Traffic,23803.78
CUST_0301,Amit,Joshi,cust_0301@customer-c360.com,2026-03-05,Other,61,English,Facebook Ads,13921.15
CUST_0302,Meera,Das,cust_0302@customer-c360.com,2026-02-14,Female,39,English,Facebook Ads,14705.51
CUST_0303,Meera,Singh,cust_0303@customer-c360.com,2026-03-07,Male,20,English,Google Ads,7086.32
CUST_0304,Karan,Patel,cust_0304@customer-c360.com,2026-02-13,Male,34,English,Organic Search,9105.82
CUST_0305,Karan,Verma,cust_0305@customer-c360.com,2026-03-08,Male,30,English,Facebook Ads,11227.66
CUST_0306,Divya,Joshi,cust_0306@customer-c360.com,2026-03-07,Female,64,English,Direct Traffic,11741.05
CUST_0307,Amit,Joshi,cust_0307@customer-c360.com,2026-04-02,Other,32,English,Direct Traffic,9242.78
CUST_0308,Karan,Das,cust_0308@customer-c360.com,2026-03-06,Male,31,English,Facebook Ads,0.0
CUST_0309,Divya,Nair,cust_0309@customer-c360.com,2026-03-23,Female,44,English,Organic Search,9367.59
CUST_0310,Vikram,Patel,cust_0310@customer-c360.com,2026-02-11,Female,49,English,Google Ads,9215.31
CUST_0311,Vikram,Rao,cust_0311@customer-c360.com,2026-02-28,Other,46,English,Organic Search,0.0
CUST_0312,Rohan,Kumbari,cust_0312@customer-c360.com,2026-04-07,Other,32,English,Organic Search,0.0
CUST_0313,Pooja,Rao,cust_0313@customer-c360.com,2026-01-25,Other,64,English,Facebook Ads,11497.07
CUST_0314,Karan,Verma,cust_0314@customer-c360.com,2026-02-28,Other,23,English,Facebook Ads,0.0
CUST_0315,Divya,Kumbari,cust_0315@customer-c360.com,2026-04-08,Male,21,English,Organic Search,10203.78
CUST_0316,Rohan,Das,cust_0316@customer-c360.com,2026-01-04,Male,53,English,Organic Search,0.0
CUST_0317,Meera,Sharma,cust_0317@customer-c360.com,2026-01-17,Female,29,English,Direct Traffic,19566.87
CUST_0318,Shweta,Verma,cust_0318@customer-c360.com,2026-03-10,Male,54,English,Direct Traffic,7061.63
CUST_0319,Meera,Singh,cust_0319@customer-c360.com,2026-01-17,Other,46,English,Google Ads,0.0
CUST_0320,Rohan,Gupta,cust_0320@customer-c360.com,2026-04-01,Female,48,English,Facebook Ads,7540.76
CUST_0321,Sneha,Singh,cust_0321@customer-c360.com,2026-01-22,Other,48,English,Google Ads,24266.82
CUST_0322,Amit,Sharma,cust_0322@customer-c360.com,2026-01-20,Male,33,English,Facebook Ads,11960.5
CUST_0323,Divya,Nair,cust_0323@customer-c360.com,2026-01-26,Male,32,English,Direct Traffic,13946.05
CUST_0324,Divya,Sharma,cust_0324@customer-c360.com,2026-02-09,Male,53,English,Google Ads,0.0
CUST_0325,Divya,Joshi,cust_0325@customer-c360.com,2026-03-01,Male,22,English,Direct Traffic,7905.26
CUST_0326,Sneha,Verma,cust_0326@customer-c360.com,2026-04-11,Male,39,English,Direct Traffic,0.0
CUST_0327,Karan,Gupta,cust_0327@customer-c360.com,2026-02-27,Other,39,English,Google Ads,17690.1
CUST_0328,Amit,Nair,cust_0328@customer-c360.com,2026-01-12,Female,47,English,Organic Search,3867.44
CUST_0329,Rohan,Singh,cust_0329@customer-c360.com,2026-02-24,Male,37,English,Direct Traffic,28958.44
CUST_0330,Vikram,Gupta,cust_0330@customer-c360.com,2026-04-09,Female,32,English,Direct Traffic,4528.68
CUST_0331,Rohan,Gupta,cust_0331@customer-c360.com,2026-01-16,Other,46,English,Direct Traffic,8816.68
CUST_0332,Meera,Joshi,cust_0332@customer-c360.com,2026-03-04,Male,45,English,Facebook Ads,4109.34
CUST_0333,Meera,Verma,cust_0333@customer-c360.com,2026-04-03,Other,65,English,Facebook Ads,5352.49
CUST_0334,Rohan,Verma,cust_0334@customer-c360.com,2026-02-01,Other,41,English,Facebook Ads,13725.79
CUST_0335,Sneha,Kumbari,cust_0335@customer-c360.com,2026-03-16,Male,23,English,Google Ads,12373.7
CUST_0336,Pooja,Das,cust_0336@customer-c360.com,2026-02-14,Other,23,English,Direct Traffic,24962.32
CUST_0337,Shweta,Das,cust_0337@customer-c360.com,2026-01-18,Male,48,English,Direct Traffic,12450.58
CUST_0338,Arjun,Kumbari,cust_0338@customer-c360.com,2026-03-31,Other,64,English,Facebook Ads,9361.66
CUST_0339,Shweta,Singh,cust_0339@customer-c360.com,2026-04-07,Male,56,English,Organic Search,3437.22
CUST_0340,Vikram,Gupta,cust_0340@customer-c360.com,2026-01-31,Female,63,English,Facebook Ads,7856.35
CUST_0341,Amit,Patel,cust_0341@customer-c360.com,2026-01-18,Female,52,English,Google Ads,0.0
CUST_0342,Amit,Das,cust_0342@customer-c360.com,2026-03-27,Other,28,English,Direct Traffic,9294.94
CUST_0343,Vikram,Patel,cust_0343@customer-c360.com,2026-04-06,Male,54,English,Organic Search,0.0
CUST_0344,Shweta,Das,cust_0344@customer-c360.com,2026-01-02,Male,48,English,Google Ads,8471.84
CUST_0345,Sneha,Gupta,cust_0345@customer-c360.com,2026-03-13,Female,64,English,Facebook Ads,17873.66
CUST_0346,Shweta,Rao,cust_0346@customer-c360.com,2026-04-08,Other,44,English,Facebook Ads,0.0
CUST_0347,Meera,Das,cust_0347@customer-c360.com,2026-02-07,Other,34,English,Google Ads,27850.98
CUST_0348,Shweta,Sharma,cust_0348@customer-c360.com,2026-03-15,Other,43,English,Organic Search,0.0
CUST_0349,Divya,Patel,cust_0349@customer-c360.com,2026-03-01,Male,50,English,Google Ads,281.24
CUST_0350,Vikram,Sharma,cust_0350@customer-c360.com,2026-04-04,Other,18,English,Direct Traffic,8599.35
CUST_0351,Meera,Singh,cust_0351@customer-c360.com,2026-02-12,Other,63,English,Organic Search,21335.26
CUST_0352,Divya,Sharma,cust_0352@customer-c360.com,2026-02-18,Male,31,English,Organic Search,6467.93
CUST_0353,Rohan,Joshi,cust_0353@customer-c360.com,2026-04-02,Male,36,English,Direct Traffic,15518.95
CUST_0354,Karan,Das,cust_0354@customer-c360.com,2026-01-05,Female,18,English,Google Ads,25616.92
CUST_0355,Divya,Verma,cust_0355@customer-c360.com,2026-04-11,Male,59,English,Facebook Ads,0.0
CUST_0356,Amit,Verma,cust_0356@customer-c360.com,2026-02-14,Other,21,English,Google Ads,18723.71
CUST_0357,Amit,Singh,cust_0357@customer-c360.com,2026-01-11,Other,39,English,Facebook Ads,7705.2
CUST_0358,Divya,Das,cust_0358@customer-c360.com,2026-04-11,Other,41,English,Facebook Ads,14348.83
CUST_0359,Karan,Rao,cust_0359@customer-c360.com,2026-02-15,Female,54,English,Google Ads,9021.83
CUST_0360,Amit,Das,cust_0360@customer-c360.com,2026-01-01,Female,63,English,Facebook Ads,19573.05
CUST_0361,Sneha,Nair,cust_0361@customer-c360.com,2026-03-12,Male,37,English,Organic Search,485.36
CUST_0362,Rohan,Das,cust_0362@customer-c360.com,2026-03-26,Male,59,English,Facebook Ads,5588.23
CUST_0363,Pooja,Nair,cust_0363@customer-c360.com,2026-01-27,Other,23,English,Organic Search,0.0
CUST_0364,Divya,Gupta,cust_0364@customer-c360.com,2026-02-14,Female,43,English,Facebook Ads,3800.72
CUST_0365,Divya,Kumbari,cust_0365@customer-c360.com,2026-03-15,Other,64,English,Organic Search,7049.35
CUST_0366,Meera,Das,cust_0366@customer-c360.com,2026-03-20,Male,30,English,Facebook Ads,16605.0
CUST_0367,Divya,Sharma,cust_0367@customer-c360.com,2026-03-21,Female,59,English,Facebook Ads,0.0
CUST_0368,Amit,Nair,cust_0368@customer-c360.com,2026-03-29,Other,32,English,Facebook Ads,0.0
CUST_0369,Pooja,Nair,cust_0369@customer-c360.com,2026-02-19,Other,52,English,Google Ads,22241.22
CUST_0370,Karan,Kumbari,cust_0370@customer-c360.com,2026-02-11,Female,44,English,Direct Traffic,5106.8
CUST_0371,Amit,Rao,cust_0371@customer-c360.com,2026-01-21,Male,19,English,Organic Search,0.0
CUST_0372,Rohan,Nair,cust_0372@customer-c360.com,2026-03-08,Female,20,English,Organic Search,0.0
CUST_0373,Karan,Joshi,cust_0373@customer-c360.com,2026-03-01,Male,64,English,Organic Search,27095.63
CUST_0374,Amit,Sharma,cust_0374@customer-c360.com,2026-04-09,Female,57,English,Organic Search,3218.26
CUST_0375,Meera,Das,cust_0375@customer-c360.com,2026-01-05,Male,36,English,Direct Traffic,0.0
CUST_0376,Shweta,Kumbari,cust_0376@customer-c360.com,2026-03-22,Male,50,English,Facebook Ads,2283.38
CUST_0377,Divya,Joshi,cust_0377@customer-c360.com,2026-01-04,Other,44,English,Facebook Ads,0.0
CUST_0378,Amit,Singh,cust_0378@customer-c360.com,2026-03-20,Other,26,English,Direct Traffic,12364.45
CUST_0379,Vikram,Patel,cust_0379@customer-c360.com,2026-03-29,Other,31,English,Facebook Ads,0.0
CUST_0380,Vikram,Gupta,cust_0380@customer-c360.com,2026-01-23,Female,30,English,Facebook Ads,0.0
CUST_0381,Sneha,Das,cust_0381@customer-c360.com,2026-01-18,Female,36,English,Google Ads,0.0
CUST_0382,Sneha,Rao,cust_0382@customer-c360.com,2026-02-11,Male,48,English,Direct Traffic,7120.58
CUST_0383,Vikram,Das,cust_0383@customer-c360.com,2026-01-03,Female,40,English,Direct Traffic,6334.69
CUST_0384,Meera,Das,cust_0384@customer-c360.com,2026-03-09,Male,43,English,Organic Search,0.0
CUST_0385,Rohan,Gupta,cust_0385@customer-c360.com,2026-01-13,Other,40,English,Facebook Ads,25618.89
CUST_0386,Pooja,Nair,cust_0386@customer-c360.com,2026-03-19,Other,49,English,Facebook Ads,8348.69
CUST_0387,Amit,Joshi,cust_0387@customer-c360.com,2026-03-18,Other,31,English,Organic Search,16451.82
CUST_0388,Amit,Nair,cust_0388@customer-c360.com,2026-03-25,Female,60,English,Google Ads,14714.62
CUST_0389,Arjun,Gupta,cust_0389@customer-c360.com,2026-02-25,Male,42,English,Organic Search,22150.64
CUST_0390,Vikram,Das,cust_0390@customer-c360.com,2026-03-31,Male,29,English,Organic Search,745.49
CUST_0391,Divya,Patel,cust_0391@customer-c360.com,2026-03-27,Female,51,English,Google Ads,6355.79
CUST_0392,Rohan,Das,cust_0392@customer-c360.com,2026-01-15,Male,19,English,Facebook Ads,22773.56
CUST_0393,Divya,Das,cust_0393@customer-c360.com,2026-02-22,Other,50,English,Facebook Ads,15497.84
CUST_0394,Pooja,Gupta,cust_0394@customer-c360.com,2026-02-18,Other,21,English,Facebook Ads,0.0
CUST_0395,Rohan,Gupta,cust_0395@customer-c360.com,2026-03-03,Female,22,English,Facebook Ads,0.0
CUST_0396,Divya,Patel,cust_0396@customer-c360.com,2026-01-08,Male,64,English,Facebook Ads,24809.39
CUST_0397,Pooja,Gupta,cust_0397@customer-c360.com,2026-01-19,Female,28,English,Organic Search,2357.74
CUST_0398,Rohan,Sharma,cust_0398@customer-c360.com,2026-01-17,Female,56,English,Google Ads,14435.03
CUST_0399,Meera,Joshi,cust_0399@customer-c360.com,2026-01-03,Male,19,English,Google Ads,0.0
CUST_0400,Vikram,Patel,cust_0400@customer-c360.com,2026-04-07,Female,49,English,Google Ads,0.0
CUST_0401,Meera,Rao,cust_0401@customer-c360.com,2026-02-12,Other,21,English,Direct Traffic,27073.25
CUST_0402,Karan,Verma,cust_0402@customer-c360.com,2026-03-27,Female,60,English,Organic Search,7857.63
CUST_0403,Arjun,Nair,cust_0403@customer-c360.com,2026-03-14,Other,35,English,Facebook Ads,0.0
CUST_0404,Shweta,Nair,cust_0404@customer-c360.com,2026-02-17,Male,25,English,Direct Traffic,26331.09
CUST_0405,Arjun,Gupta,cust_0405@customer-c360.com,2026-01-23,Male,37,English,Facebook Ads,1971.64
CUST_0406,Amit,Sharma,cust_0406@customer-c360.com,2026-03-27,Other,36,English,Direct Traffic,13823.07
CUST_0407,Karan,Gupta,cust_0407@customer-c360.com,2026-02-05,Male,43,English,Facebook Ads,9629.94
CUST_0408,Arjun,Das,cust_0408@customer-c360.com,2026-03-11,Other,29,English,Google Ads,14383.4
CUST_0409,Sneha,Nair,cust_0409@customer-c360.com,2026-02-19,Other,23,English,Organic Search,2504.24
CUST_0410,Karan,Patel,cust_0410@customer-c360.com,2026-02-23,Female,35,English,Organic Search,12567.54
CUST_0411,Pooja,Rao,cust_0411@customer-c360.com,2026-01-27,Other,63,English,Google Ads,0.0
CUST_0412,Shweta,Kumbari,cust_0412@customer-c360.com,2026-03-07,Other,43,English,Organic Search,1632.88
CUST_0413,Rohan,Nair,cust_0413@customer-c360.com,2026-01-30,Female,54,English,Direct Traffic,22147.79
CUST_0414,Meera,Kumbari,cust_0414@customer-c360.com,2026-04-06,Other,23,English,Google Ads,4263.01
CUST_0415,Meera,Nair,cust_0415@customer-c360.com,2026-04-02,Male,31,English,Facebook Ads,8245.98
CUST_0416,Karan,Singh,cust_0416@customer-c360.com,2026-02-10,Male,40,English,Organic Search,21264.81
CUST_0417,Rohan,Sharma,cust_0417@customer-c360.com,2026-02-21,Male,33,English,Organic Search,3116.04
CUST_0418,Meera,Das,cust_0418@customer-c360.com,2026-02-16,Female,23,English,Facebook Ads,9894.46
CUST_0419,Amit,Das,cust_0419@customer-c360.com,2026-01-07,Other,58,English,Direct Traffic,0.0
CUST_0420,Divya,Verma,cust_0420@customer-c360.com,2026-01-07,Other,63,English,Organic Search,26767.76
CUST_0421,Karan,Das,cust_0421@customer-c360.com,2026-04-10,Male,44,English,Facebook Ads,9160.05
CUST_0422,Arjun,Rao,cust_0422@customer-c360.com,2026-04-10,Male,34,English,Google Ads,6679.6
CUST_0423,Karan,Gupta,cust_0423@customer-c360.com,2026-03-04,Female,40,English,Organic Search,9475.37
CUST_0424,Arjun,Joshi,cust_0424@customer-c360.com,2026-01-19,Male,21,English,Direct Traffic,3780.69
CUST_0425,Sneha,Nair,cust_0425@customer-c360.com,2026-03-17,Other,52,English,Facebook Ads,972.25
CUST_0426,Shweta,Patel,cust_0426@customer-c360.com,2026-01-07,Male,46,English,Google Ads,0.0
CUST_0427,Rohan,Rao,cust_0427@customer-c360.com,2026-01-18,Male,25,English,Organic Search,8690.02
CUST_0428,Amit,Das,cust_0428@customer-c360.com,2026-01-16,Other,52,English,Direct Traffic,0.0
CUST_0429,Meera,Singh,cust_0429@customer-c360.com,2026-02-23,Female,36,English,Facebook Ads,15182.19
CUST_0430,Vikram,Patel,cust_0430@customer-c360.com,2026-02-18,Male,27,English,Facebook Ads,4355.23
CUST_0431,Karan,Sharma,cust_0431@customer-c360.com,2026-01-10,Female,19,English,Direct Traffic,14953.89
CUST_0432,Sneha,Kumbari,cust_0432@customer-c360.com,2026-02-21,Male,38,English,Organic Search,0.0
CUST_0433,Vikram,Singh,cust_0433@customer-c360.com,2026-02-10,Male,55,English,Organic Search,0.0
CUST_0434,Karan,Nair,cust_0434@customer-c360.com,2026-02-12,Male,19,English,Google Ads,2494.96
CUST_0435,Arjun,Rao,cust_0435@customer-c360.com,2026-02-14,Male,40,English,Direct Traffic,13205.19
CUST_0436,Rohan,Verma,cust_0436@customer-c360.com,2026-01-30,Male,45,English,Direct Traffic,13975.36
CUST_0437,Amit,Patel,cust_0437@customer-c360.com,2026-04-07,Female,37,English,Direct Traffic,11098.47
CUST_0438,Meera,Nair,cust_0438@customer-c360.com,2026-01-03,Male,47,English,Google Ads,318.49
CUST_0439,Amit,Verma,cust_0439@customer-c360.com,2026-03-23,Female,43,English,Facebook Ads,4248.36
CUST_0440,Arjun,Joshi,cust_0440@customer-c360.com,2026-01-20,Other,61,English,Facebook Ads,4081.34
CUST_0441,Divya,Verma,cust_0441@customer-c360.com,2026-02-01,Female,57,English,Google Ads,4639.49
CUST_0442,Pooja,Verma,cust_0442@customer-c360.com,2026-03-05,Female,60,English,Direct Traffic,14324.05
CUST_0443,Karan,Verma,cust_0443@customer-c360.com,2026-03-22,Other,19,English,Google Ads,11767.09
CUST_0444,Pooja,Verma,cust_0444@customer-c360.com,2026-03-09,Other,36,English,Organic Search,11208.54
CUST_0445,Meera,Joshi,cust_0445@customer-c360.com,2026-03-16,Male,45,English,Organic Search,7407.71
CUST_0446,Karan,Patel,cust_0446@customer-c360.com,2026-01-20,Other,27,English,Direct Traffic,13064.04
CUST_0447,Amit,Singh,cust_0447@customer-c360.com,2026-01-25,Male,44,English,Organic Search,15406.56
CUST_0448,Divya,Gupta,cust_0448@customer-c360.com,2026-02-05,Female,65,English,Facebook Ads,4840.14
CUST_0449,Rohan,Verma,cust_0449@customer-c360.com,2026-04-09,Other,53,English,Organic Search,10291.92
CUST_0450,Vikram,Rao,cust_0450@customer-c360.com,2026-02-18,Male,27,English,Facebook Ads,13196.74
CUST_0451,Divya,Gupta,cust_0451@customer-c360.com,2026-03-22,Female,56,English,Organic Search,0.0
CUST_0452,Meera,Verma,cust_0452@customer-c360.com,2026-02-01,Male,56,English,Organic Search,6252.39
CUST_0453,Karan,Singh,cust_0453@customer-c360.com,2026-01-13,Male,57,English,Organic Search,6864.74
CUST_0454,Vikram,Das,cust_0454@customer-c360.com,2026-03-26,Female,53,English,Direct Traffic,11798.26
CUST_0455,Karan,Rao,cust_0455@customer-c360.com,2026-02-24,Other,18,English,Organic Search,6096.79
CUST_0456,Rohan,Kumbari,cust_0456@customer-c360.com,2026-03-14,Other,25,English,Facebook Ads,2195.43
CUST_0457,Arjun,Sharma,cust_0457@customer-c360.com,2026-02-04,Male,31,English,Direct Traffic,17393.28
CUST_0458,Vikram,Nair,cust_0458@customer-c360.com,2026-01-14,Other,36,English,Facebook Ads,28448.54
CUST_0459,Rohan,Patel,cust_0459@customer-c360.com,2026-01-19,Male,54,English,Organic Search,19870.59
CUST_0460,Shweta,Rao,cust_0460@customer-c360.com,2026-02-19,Male,18,English,Organic Search,0.0
CUST_0461,Sneha,Sharma,cust_0461@customer-c360.com,2026-04-03,Female,60,English,Organic Search,12022.09
CUST_0462,Amit,Kumbari,cust_0462@customer-c360.com,2026-03-18,Other,32,English,Organic Search,22397.35
CUST_0463,Amit,Joshi,cust_0463@customer-c360.com,2026-03-03,Male,24,English,Google Ads,4429.19
CUST_0464,Vikram,Das,cust_0464@customer-c360.com,2026-02-03,Male,36,English,Google Ads,18356.57
CUST_0465,Divya,Rao,cust_0465@customer-c360.com,2026-03-21,Female,63,English,Google Ads,2102.44
CUST_0466,Karan,Kumbari,cust_0466@customer-c360.com,2026-01-20,Male,21,English,Google Ads,12577.88
CUST_0467,Pooja,Singh,cust_0467@customer-c360.com,2026-02-09,Female,31,English,Facebook Ads,3183.6
CUST_0468,Karan,Sharma,cust_0468@customer-c360.com,2026-02-09,Male,34,English,Google Ads,12922.71
CUST_0469,Divya,Verma,cust_0469@customer-c360.com,2026-03-16,Female,30,English,Direct Traffic,17989.26
CUST_0470,Pooja,Nair,cust_0470@customer-c360.com,2026-04-04,Male,42,English,Organic Search,9142.16
CUST_0471,Karan,Sharma,cust_0471@customer-c360.com,2026-04-02,Other,56,English,Facebook Ads,0.0
CUST_0472,Vikram,Gupta,cust_0472@customer-c360.com,2026-02-22,Other,35,English,Organic Search,11448.63
CUST_0473,Karan,Kumbari,cust_0473@customer-c360.com,2026-02-09,Female,45,English,Google Ads,22497.02
CUST_0474,Meera,Joshi,cust_0474@customer-c360.com,2026-03-01,Male,50,English,Organic Search,12976.9
CUST_0475,Vikram,Singh,cust_0475@customer-c360.com,2026-01-12,Other,57,English,Google Ads,23325.35
CUST_0476,Pooja,Rao,cust_0476@customer-c360.com,2026-01-18,Female,45,English,Direct Traffic,5849.97
CUST_0477,Karan,Patel,cust_0477@customer-c360.com,2026-02-02,Male,41,English,Facebook Ads,2437.42
CUST_0478,Pooja,Joshi,cust_0478@customer-c360.com,2026-02-13,Female,62,English,Google Ads,9770.89
CUST_0479,Meera,Verma,cust_0479@customer-c360.com,2026-01-25,Male,63,English,Direct Traffic,21298.74
CUST_0480,Shweta,Kumbari,cust_0480@customer-c360.com,2026-03-17,Other,35,English,Facebook Ads,11775.43
CUST_0481,Vikram,Patel,cust_0481@customer-c360.com,2026-03-17,Other,31,English,Organic Search,0.0
CUST_0482,Arjun,Joshi,cust_0482@customer-c360.com,2026-04-01,Other,30,English,Organic Search,8920.86
CUST_0483,Rohan,Gupta,cust_0483@customer-c360.com,2026-03-18,Male,42,English,Organic Search,0.0
CUST_0484,Shweta,Das,cust_0484@customer-c360.com,2026-04-03,Other,18,English,Facebook Ads,9985.57
CUST_0485,Divya,Sharma,cust_0485@customer-c360.com,2026-04-01,Other,28,English,Organic Search,1799.16
CUST_0486,Karan,Verma,cust_0486@customer-c360.com,2026-02-13,Male,35,English,Organic Search,13018.35
CUST_0487,Pooja,Sharma,cust_0487@customer-c360.com,2026-02-22,Female,65,English,Direct Traffic,744.39
CUST_0488,Sneha,Joshi,cust_0488@customer-c360.com,2026-01-19,Other,37,English,Organic Search,15305.44
CUST_0489,Rohan,Patel,cust_0489@customer-c360.com,2026-04-10,Other,40,English,Organic Search,0.0
CUST_0490,Meera,Nair,cust_0490@customer-c360.com,2026-03-30,Male,39,English,Facebook Ads,9713.5
CUST_0491,Amit,Singh,cust_0491@customer-c360.com,2026-01-04,Female,22,English,Facebook Ads,19601.64
CUST_0492,Sneha,Gupta,cust_0492@customer-c360.com,2026-04-02,Female,52,English,Direct Traffic,11408.38
CUST_0493,Karan,Verma,cust_0493@customer-c360.com,2026-01-17,Other,45,English,Direct Traffic,19031.89
CUST_0494,Karan,Sharma,cust_0494@customer-c360.com,2026-02-03,Male,51,English,Google Ads,6729.32
CUST_0495,Meera,Gupta,cust_0495@customer-c360.com,2026-02-26,Male,41,English,Google Ads,7972.29
CUST_0496,Amit,Sharma,cust_0496@customer-c360.com,2026-03-11,Other,58,English,Facebook Ads,0.0
CUST_0497,Rohan,Joshi,cust_0497@customer-c360.com,2026-01-13,Male,61,English,Google Ads,17670.51
CUST_0498,Rohan,Rao,cust_0498@customer-c360.com,2026-01-30,Male,57,English,Google Ads,20503.26
CUST_0499,Sneha,Das,cust_0499@customer-c360.com,2026-04-11,Female,61,English,Facebook Ads,19719.25
CUST_0500,Rohan,Kumbari,cust_0500@customer-c360.com,2026-01-20,Male,28,English,Direct Traffic,0.0
CUST_0501,Rohan,Das,cust_0501@customer-c360.com,2026-02-15,Female,26,English,Facebook Ads,13100.19
CUST_0502,Karan,Nair,cust_0502@customer-c360.com,2026-01-16,Female,53,English,Direct Traffic,16499.52
CUST_0503,Rohan,Patel,cust_0503@customer-c360.com,2026-02-12,Male,19,English,Google Ads,23124.18
CUST_0504,Pooja,Nair,cust_0504@customer-c360.com,2026-02-12,Male,39,English,Google Ads,13024.46
CUST_0505,Pooja,Patel,cust_0505@customer-c360.com,2026-03-27,Other,56,English,Organic Search,0.0
CUST_0506,Pooja,Patel,cust_0506@customer-c360.com,2026-03-07,Female,23,English,Facebook Ads,16530.49
CUST_0507,Meera,Nair,cust_0507@customer-c360.com,2026-01-18,Male,55,English,Organic Search,20350.9
CUST_0508,Vikram,Gupta,cust_0508@customer-c360.com,2026-03-05,Other,43,English,Organic Search,11519.83
CUST_0509,Sneha,Singh,cust_0509@customer-c360.com,2026-02-21,Female,62,English,Direct Traffic,14483.75
CUST_0510,Divya,Patel,cust_0510@customer-c360.com,2026-03-30,Male,52,English,Google Ads,9764.63
CUST_0511,Meera,Patel,cust_0511@customer-c360.com,2026-03-18,Female,18,English,Facebook Ads,0.0
CUST_0512,Amit,Kumbari,cust_0512@customer-c360.com,2026-03-16,Male,45,English,Facebook Ads,10573.04
CUST_0513,Amit,Nair,cust_0513@customer-c360.com,2026-01-10,Other,42,English,Direct Traffic,25017.76
CUST_0514,Vikram,Rao,cust_0514@customer-c360.com,2026-04-06,Male,30,English,Direct Traffic,952.57
CUST_0515,Karan,Gupta,cust_0515@customer-c360.com,2026-02-16,Male,34,English,Facebook Ads,0.0
CUST_0516,Divya,Joshi,cust_0516@customer-c360.com,2026-02-27,Other,18,English,Facebook Ads,0.0
CUST_0517,Divya,Kumbari,cust_0517@customer-c360.com,2026-03-21,Other,54,English,Direct Traffic,17386.98
CUST_0518,Divya,Singh,cust_0518@customer-c360.com,2026-02-27,Female,63,English,Google Ads,6128.62
CUST_0519,Rohan,Rao,cust_0519@customer-c360.com,2026-02-21,Other,50,English,Facebook Ads,26732.91
CUST_0520,Meera,Nair,cust_0520@customer-c360.com,2026-03-04,Other,64,English,Direct Traffic,19948.95
CUST_0521,Shweta,Rao,cust_0521@customer-c360.com,2026-01-18,Female,57,English,Google Ads,1343.24
CUST_0522,Pooja,Nair,cust_0522@customer-c360.com,2026-03-15,Male,35,English,Direct Traffic,0.0
CUST_0523,Vikram,Joshi,cust_0523@customer-c360.com,2026-04-06,Male,58,English,Google Ads,3058.24
CUST_0524,Shweta,Patel,cust_0524@customer-c360.com,2026-01-11,Female,25,English,Direct Traffic,15069.57
CUST_0525,Arjun,Sharma,cust_0525@customer-c360.com,2026-02-04,Male,40,English,Google Ads,9606.08
CUST_0526,Vikram,Joshi,cust_0526@customer-c360.com,2026-01-21,Other,25,English,Direct Traffic,2578.55
CUST_0527,Sneha,Joshi,cust_0527@customer-c360.com,2026-02-28,Male,65,English,Direct Traffic,11327.67
CUST_0528,Arjun,Singh,cust_0528@customer-c360.com,2026-01-15,Female,60,English,Facebook Ads,8958.79
CUST_0529,Arjun,Nair,cust_0529@customer-c360.com,2026-03-26,Female,18,English,Direct Traffic,0.0
CUST_0530,Meera,Sharma,cust_0530@customer-c360.com,2026-02-15,Other,18,English,Direct Traffic,8570.3
CUST_0531,Karan,Kumbari,cust_0531@customer-c360.com,2026-04-02,Male,19,English,Direct Traffic,392.16
CUST_0532,Amit,Joshi,cust_0532@customer-c360.com,2026-03-26,Female,29,English,Direct Traffic,0.0
CUST_0533,Arjun,Das,cust_0533@customer-c360.com,2026-03-02,Female,30,English,Organic Search,12030.3
CUST_0534,Divya,Das,cust_0534@customer-c360.com,2026-02-23,Male,29,English,Google Ads,15573.38
CUST_0535,Karan,Verma,cust_0535@customer-c360.com,2026-02-14,Female,37,English,Google Ads,10095.03
CUST_0536,Sneha,Patel,cust_0536@customer-c360.com,2026-03-11,Female,50,English,Organic Search,19232.12
CUST_0537,Pooja,Joshi,cust_0537@customer-c360.com,2026-01-29,Female,62,English,Facebook Ads,6525.52
CUST_0538,Arjun,Sharma,cust_0538@customer-c360.com,2026-02-14,Other,55,English,Direct Traffic,0.0
CUST_0539,Amit,Sharma,cust_0539@customer-c360.com,2026-03-23,Male,54,English,Organic Search,10807.42
CUST_0540,Meera,Singh,cust_0540@customer-c360.com,2026-01-25,Other,55,English,Organic Search,17246.78
CUST_0541,Sneha,Rao,cust_0541@customer-c360.com,2026-01-06,Female,46,English,Direct Traffic,14110.28
CUST_0542,Vikram,Gupta,cust_0542@customer-c360.com,2026-01-19,Other,32,English,Facebook Ads,1941.06
CUST_0543,Pooja,Kumbari,cust_0543@customer-c360.com,2026-03-19,Female,56,English,Google Ads,7555.47
CUST_0544,Amit,Nair,cust_0544@customer-c360.com,2026-02-05,Other,24,English,Direct Traffic,4468.45
CUST_0545,Vikram,Rao,cust_0545@customer-c360.com,2026-02-15,Female,65,English,Organic Search,6384.91
CUST_0546,Pooja,Das,cust_0546@customer-c360.com,2026-02-13,Female,62,English,Direct Traffic,0.0
CUST_0547,Shweta,Rao,cust_0547@customer-c360.com,2026-01-21,Other,42,English,Facebook Ads,19081.71
CUST_0548,Karan,Gupta,cust_0548@customer-c360.com,2026-03-08,Other,54,English,Facebook Ads,19114.66
CUST_0549,Sneha,Joshi,cust_0549@customer-c360.com,2026-01-27,Female,57,English,Organic Search,14216.39
CUST_0550,Karan,Joshi,cust_0550@customer-c360.com,2026-01-25,Male,59,English,Organic Search,0.0
CUST_0551,Divya,Patel,cust_0551@customer-c360.com,2026-02-13,Female,58,English,Facebook Ads,0.0
CUST_0552,Vikram,Kumbari,cust_0552@customer-c360.com,2026-01-23,Male,48,English,Organic Search,31420.56
CUST_0553,Karan,Singh,cust_0553@customer-c360.com,2026-02-16,Female,27,English,Direct Traffic,1839.05
CUST_0554,Shweta,Kumbari,cust_0554@customer-c360.com,2026-03-05,Other,20,English,Direct Traffic,20956.5
CUST_0555,Divya,Sharma,cust_0555@customer-c360.com,2026-03-28,Other,18,English,Organic Search,12017.49
CUST_0556,Amit,Patel,cust_0556@customer-c360.com,2026-03-30,Male,64,English,Google Ads,15394.6
CUST_0557,Karan,Nair,cust_0557@customer-c360.com,2026-01-07,Male,64,English,Organic Search,4504.26
CUST_0558,Pooja,Joshi,cust_0558@customer-c360.com,2026-03-20,Male,58,English,Organic Search,4740.53
CUST_0559,Divya,Sharma,cust_0559@customer-c360.com,2026-02-25,Male,39,English,Direct Traffic,0.0
CUST_0560,Karan,Gupta,cust_0560@customer-c360.com,2026-01-02,Male,64,English,Google Ads,0.0
CUST_0561,Amit,Nair,cust_0561@customer-c360.com,2026-03-02,Male,61,English,Direct Traffic,10421.68
CUST_0562,Karan,Singh,cust_0562@customer-c360.com,2026-02-03,Male,18,English,Organic Search,0.0
CUST_0563,Karan,Patel,cust_0563@customer-c360.com,2026-02-28,Male,51,English,Organic Search,3267.67
CUST_0564,Rohan,Singh,cust_0564@customer-c360.com,2026-04-04,Other,26,English,Direct Traffic,0.0
CUST_0565,Vikram,Rao,cust_0565@customer-c360.com,2026-02-21,Other,46,English,Facebook Ads,16355.37
CUST_0566,Meera,Das,cust_0566@customer-c360.com,2026-04-04,Female,47,English,Google Ads,11804.9
CUST_0567,Rohan,Nair,cust_0567@customer-c360.com,2026-03-08,Other,22,English,Organic Search,0.0
CUST_0568,Meera,Das,cust_0568@customer-c360.com,2026-02-05,Female,29,English,Google Ads,7126.93
CUST_0569,Arjun,Verma,cust_0569@customer-c360.com,2026-03-26,Other,19,English,Google Ads,18000.83
CUST_0570,Karan,Joshi,cust_0570@customer-c360.com,2026-01-29,Male,27,English,Organic Search,0.0
CUST_0571,Meera,Gupta,cust_0571@customer-c360.com,2026-01-07,Male,23,English,Google Ads,9661.89
CUST_0572,Arjun,Verma,cust_0572@customer-c360.com,2026-01-31,Female,48,English,Google Ads,9222.81
CUST_0573,Shweta,Rao,cust_0573@customer-c360.com,2026-01-22,Other,33,English,Direct Traffic,0.0
CUST_0574,Karan,Nair,cust_0574@customer-c360.com,2026-02-11,Other,53,English,Google Ads,2685.06
CUST_0575,Amit,Rao,cust_0575@customer-c360.com,2026-02-15,Female,22,English,Facebook Ads,389.06
CUST_0576,Meera,Verma,cust_0576@customer-c360.com,2026-01-18,Other,59,English,Google Ads,2923.63
CUST_0577,Shweta,Singh,cust_0577@customer-c360.com,2026-01-18,Female,39,English,Facebook Ads,3431.64
CUST_0578,Arjun,Rao,cust_0578@customer-c360.com,2026-01-12,Male,36,English,Facebook Ads,0.0
CUST_0579,Vikram,Rao,cust_0579@customer-c360.com,2026-03-13,Other,18,English,Facebook Ads,3079.93
CUST_0580,Rohan,Verma,cust_0580@customer-c360.com,2026-03-30,Male,50,English,Google Ads,8994.93
CUST_0581,Rohan,Nair,cust_0581@customer-c360.com,2026-02-10,Female,57,English,Facebook Ads,19067.8
CUST_0582,Amit,Joshi,cust_0582@customer-c360.com,2026-02-20,Male,30,English,Facebook Ads,26895.52
CUST_0583,Rohan,Patel,cust_0583@customer-c360.com,2026-01-18,Other,49,English,Google Ads,10084.38
CUST_0584,Meera,Das,cust_0584@customer-c360.com,2026-01-23,Male,40,English,Google Ads,14345.09
CUST_0585,Rohan,Patel,cust_0585@customer-c360.com,2026-03-11,Female,56,English,Google Ads,7272.76
CUST_0586,Pooja,Rao,cust_0586@customer-c360.com,2026-01-18,Other,41,English,Organic Search,0.0
CUST_0587,Vikram,Verma,cust_0587@customer-c360.com,2026-03-11,Female,27,English,Direct Traffic,9922.71
CUST_0588,Meera,Kumbari,cust_0588@customer-c360.com,2026-02-24,Other,24,English,Direct Traffic,0.0
CUST_0589,Vikram,Nair,cust_0589@customer-c360.com,2026-03-31,Male,35,English,Facebook Ads,7383.73
CUST_0590,Meera,Verma,cust_0590@customer-c360.com,2026-04-08,Other,64,English,Google Ads,0.0
CUST_0591,Amit,Kumbari,cust_0591@customer-c360.com,2026-03-09,Female,44,English,Organic Search,0.0
CUST_0592,Pooja,Joshi,cust_0592@customer-c360.com,2026-03-07,Other,28,English,Facebook Ads,19791.5
CUST_0593,Arjun,Das,cust_0593@customer-c360.com,2026-02-05,Female,31,English,Organic Search,15043.15
CUST_0594,Rohan,Sharma,cust_0594@customer-c360.com,2026-03-01,Female,34,English,Google Ads,9424.81
CUST_0595,Meera,Joshi,cust_0595@customer-c360.com,2026-02-19,Other,40,English,Google Ads,25867.51
CUST_0596,Amit,Verma,cust_0596@customer-c360.com,2026-03-17,Male,60,English,Organic Search,16922.55
CUST_0597,Divya,Patel,cust_0597@customer-c360.com,2026-01-13,Other,59,English,Organic Search,16799.86
CUST_0598,Rohan,Das,cust_0598@customer-c360.com,2026-02-18,Female,56,English,Facebook Ads,10438.95
CUST_0599,Amit,Das,cust_0599@customer-c360.com,2026-01-17,Other,23,English,Facebook Ads,21458.88
CUST_0600,Rohan,Singh,cust_0600@customer-c360.com,2026-04-10,Other,44,English,Facebook Ads,17109.3
CUST_0601,Rohan,Das,cust_0601@customer-c360.com,2026-03-31,Other,25,English,Facebook Ads,19902.59
CUST_0602,Sneha,Singh,cust_0602@customer-c360.com,2026-01-26,Other,22,English,Organic Search,14670.78
CUST_0603,Shweta,Joshi,cust_0603@customer-c360.com,2026-04-11,Male,33,English,Direct Traffic,12666.74
CUST_0604,Sneha,Das,cust_0604@customer-c360.com,2026-03-15,Male,26,English,Facebook Ads,10796.89
CUST_0605,Meera,Joshi,cust_0605@customer-c360.com,2026-01-11,Female,39,English,Google Ads,24301.16
CUST_0606,Rohan,Nair,cust_0606@customer-c360.com,2026-02-21,Other,38,English,Organic Search,20847.52
CUST_0607,Meera,Rao,cust_0607@customer-c360.com,2026-03-29,Male,61,English,Google Ads,5546.33
CUST_0608,Pooja,Patel,cust_0608@customer-c360.com,2026-03-19,Male,36,English,Organic Search,0.0
CUST_0609,Karan,Nair,cust_0609@customer-c360.com,2026-01-11,Female,49,English,Organic Search,0.0
CUST_0610,Shweta,Verma,cust_0610@customer-c360.com,2026-01-09,Female,22,English,Facebook Ads,9328.38
CUST_0611,Divya,Rao,cust_0611@customer-c360.com,2026-01-22,Other,52,English,Organic Search,27147.26
CUST_0612,Karan,Kumbari,cust_0612@customer-c360.com,2026-02-13,Female,60,English,Facebook Ads,14560.06
CUST_0613,Rohan,Das,cust_0613@customer-c360.com,2026-01-31,Male,62,English,Direct Traffic,1990.04
CUST_0614,Pooja,Joshi,cust_0614@customer-c360.com,2026-03-04,Other,30,English,Direct Traffic,11796.74
CUST_0615,Karan,Gupta,cust_0615@customer-c360.com,2026-03-26,Male,24,English,Organic Search,0.0
CUST_0616,Meera,Gupta,cust_0616@customer-c360.com,2026-03-09,Male,57,English,Direct Traffic,5020.82
CUST_0617,Arjun,Patel,cust_0617@customer-c360.com,2026-03-06,Other,23,English,Google Ads,7087.99
CUST_0618,Vikram,Das,cust_0618@customer-c360.com,2026-02-18,Male,58,English,Organic Search,1656.77
CUST_0619,Divya,Joshi,cust_0619@customer-c360.com,2026-03-29,Other,20,English,Google Ads,10349.03
CUST_0620,Sneha,Verma,cust_0620@customer-c360.com,2026-01-05,Other,33,English,Organic Search,11018.78
CUST_0621,Vikram,Patel,cust_0621@customer-c360.com,2026-02-12,Male,35,English,Google Ads,13520.59
CUST_0622,Karan,Singh,cust_0622@customer-c360.com,2026-01-07,Female,59,English,Organic Search,33389.15
CUST_0623,Shweta,Rao,cust_0623@customer-c360.com,2026-02-12,Male,19,English,Facebook Ads,16506.51
CUST_0624,Karan,Gupta,cust_0624@customer-c360.com,2026-03-03,Female,32,English,Google Ads,18266.02
CUST_0625,Amit,Gupta,cust_0625@customer-c360.com,2026-01-11,Male,23,English,Direct Traffic,6503.01
CUST_0626,Divya,Das,cust_0626@customer-c360.com,2026-03-08,Male,48,English,Direct Traffic,11599.35
CUST_0627,Divya,Joshi,cust_0627@customer-c360.com,2026-02-09,Other,62,English,Organic Search,0.0
CUST_0628,Karan,Singh,cust_0628@customer-c360.com,2026-01-06,Male,54,English,Google Ads,12126.35
CUST_0629,Amit,Verma,cust_0629@customer-c360.com,2026-01-06,Female,29,English,Facebook Ads,0.0
CUST_0630,Amit,Patel,cust_0630@customer-c360.com,2026-03-31,Female,56,English,Organic Search,7875.43
CUST_0631,Divya,Das,cust_0631@customer-c360.com,2026-03-24,Other,62,English,Google Ads,8379.02
CUST_0632,Arjun,Nair,cust_0632@customer-c360.com,2026-02-11,Female,19,English,Google Ads,18572.82
CUST_0633,Shweta,Sharma,cust_0633@customer-c360.com,2026-02-17,Male,39,English,Direct Traffic,11270.96
CUST_0634,Shweta,Rao,cust_0634@customer-c360.com,2026-01-11,Female,57,English,Organic Search,0.0
CUST_0635,Pooja,Gupta,cust_0635@customer-c360.com,2026-04-06,Male,41,English,Organic Search,0.0
CUST_0636,Vikram,Sharma,cust_0636@customer-c360.com,2026-02-18,Other,33,English,Organic Search,16078.48
CUST_0637,Sneha,Joshi,cust_0637@customer-c360.com,2026-02-09,Female,57,English,Direct Traffic,22578.23
CUST_0638,Pooja,Joshi,cust_0638@customer-c360.com,2026-01-20,Male,53,English,Facebook Ads,1747.36
CUST_0639,Pooja,Nair,cust_0639@customer-c360.com,2026-02-06,Female,30,English,Direct Traffic,17843.72
CUST_0640,Arjun,Joshi,cust_0640@customer-c360.com,2026-01-23,Male,41,English,Organic Search,0.0
CUST_0641,Divya,Patel,cust_0641@customer-c360.com,2026-03-04,Female,56,English,Direct Traffic,10092.54
CUST_0642,Arjun,Patel,cust_0642@customer-c360.com,2026-01-12,Other,50,English,Facebook Ads,7799.48
CUST_0643,Vikram,Das,cust_0643@customer-c360.com,2026-03-23,Male,49,English,Google Ads,0.0
CUST_0644,Shweta,Nair,cust_0644@customer-c360.com,2026-02-28,Female,55,English,Organic Search,17094.91
CUST_0645,Sneha,Das,cust_0645@customer-c360.com,2026-03-24,Male,57,English,Direct Traffic,9869.37
CUST_0646,Rohan,Singh,cust_0646@customer-c360.com,2026-01-05,Female,62,English,Direct Traffic,17126.54
CUST_0647,Karan,Verma,cust_0647@customer-c360.com,2026-01-30,Other,54,English,Organic Search,1618.76
CUST_0648,Shweta,Joshi,cust_0648@customer-c360.com,2026-01-21,Male,50,English,Google Ads,24175.08
CUST_0649,Shweta,Kumbari,cust_0649@customer-c360.com,2026-01-29,Female,36,English,Direct Traffic,9623.19
CUST_0650,Arjun,Rao,cust_0650@customer-c360.com,2026-03-28,Female,64,English,Facebook Ads,16489.66
CUST_0651,Arjun,Sharma,cust_0651@customer-c360.com,2026-04-01,Female,44,English,Organic Search,977.2
CUST_0652,Vikram,Das,cust_0652@customer-c360.com,2026-03-16,Female,51,English,Direct Traffic,0.0
CUST_0653,Amit,Singh,cust_0653@customer-c360.com,2026-01-16,Female,53,English,Direct Traffic,4960.41
CUST_0654,Vikram,Joshi,cust_0654@customer-c360.com,2026-03-02,Female,60,English,Facebook Ads,10097.76
CUST_0655,Shweta,Singh,cust_0655@customer-c360.com,2026-01-09,Other,65,English,Facebook Ads,20027.05
CUST_0656,Shweta,Joshi,cust_0656@customer-c360.com,2026-03-30,Other,42,English,Google Ads,0.0
CUST_0657,Vikram,Nair,cust_0657@customer-c360.com,2026-01-30,Other,19,English,Facebook Ads,4917.85
CUST_0658,Shweta,Joshi,cust_0658@customer-c360.com,2026-02-07,Other,20,English,Facebook Ads,10939.08
CUST_0659,Divya,Kumbari,cust_0659@customer-c360.com,2026-03-14,Male,45,English,Facebook Ads,7645.41
CUST_0660,Divya,Joshi,cust_0660@customer-c360.com,2026-03-04,Female,40,English,Direct Traffic,8453.7
CUST_0661,Rohan,Singh,cust_0661@customer-c360.com,2026-04-10,Other,24,English,Organic Search,4160.52
CUST_0662,Shweta,Singh,cust_0662@customer-c360.com,2026-01-31,Female,19,English,Organic Search,0.0
CUST_0663,Vikram,Das,cust_0663@customer-c360.com,2026-03-07,Female,54,English,Google Ads,10860.6
CUST_0664,Shweta,Das,cust_0664@customer-c360.com,2026-03-08,Male,36,English,Organic Search,3566.23
CUST_0665,Pooja,Kumbari,cust_0665@customer-c360.com,2026-04-02,Male,33,English,Google Ads,0.0
CUST_0666,Sneha,Gupta,cust_0666@customer-c360.com,2026-03-03,Male,51,English,Direct Traffic,17503.08
CUST_0667,Vikram,Kumbari,cust_0667@customer-c360.com,2026-01-20,Male,57,English,Organic Search,29641.06
CUST_0668,Rohan,Joshi,cust_0668@customer-c360.com,2026-02-28,Male,59,English,Facebook Ads,19199.73
CUST_0669,Arjun,Sharma,cust_0669@customer-c360.com,2026-03-12,Other,57,English,Facebook Ads,8086.99
CUST_0670,Arjun,Kumbari,cust_0670@customer-c360.com,2026-01-21,Other,46,English,Facebook Ads,17987.38
CUST_0671,Rohan,Patel,cust_0671@customer-c360.com,2026-04-11,Male,54,English,Organic Search,7910.44
CUST_0672,Shweta,Nair,cust_0672@customer-c360.com,2026-03-03,Female,58,English,Direct Traffic,16456.33
CUST_0673,Rohan,Verma,cust_0673@customer-c360.com,2026-02-21,Male,25,English,Google Ads,0.0
CUST_0674,Shweta,Singh,cust_0674@customer-c360.com,2026-03-04,Female,51,English,Organic Search,0.0
CUST_0675,Arjun,Kumbari,cust_0675@customer-c360.com,2026-01-20,Female,31,English,Google Ads,2282.53
CUST_0676,Divya,Singh,cust_0676@customer-c360.com,2026-03-30,Male,27,English,Google Ads,9081.15
CUST_0677,Karan,Joshi,cust_0677@customer-c360.com,2026-02-08,Other,62,English,Facebook Ads,7077.2
CUST_0678,Amit,Nair,cust_0678@customer-c360.com,2026-02-28,Other,20,English,Facebook Ads,20650.1
CUST_0679,Vikram,Das,cust_0679@customer-c360.com,2026-01-22,Male,50,English,Organic Search,0.0
CUST_0680,Amit,Verma,cust_0680@customer-c360.com,2026-03-29,Female,58,English,Organic Search,0.0
CUST_0681,Shweta,Singh,cust_0681@customer-c360.com,2026-02-18,Female,43,English,Google Ads,15488.49
CUST_0682,Divya,Rao,cust_0682@customer-c360.com,2026-01-21,Female,54,English,Direct Traffic,22008.71
CUST_0683,Rohan,Rao,cust_0683@customer-c360.com,2026-02-08,Other,38,English,Facebook Ads,21343.85
CUST_0684,Sneha,Nair,cust_0684@customer-c360.com,2026-02-19,Male,51,English,Organic Search,11230.2
CUST_0685,Arjun,Gupta,cust_0685@customer-c360.com,2026-04-11,Male,21,English,Google Ads,6758.17
CUST_0686,Pooja,Singh,cust_0686@customer-c360.com,2026-03-23,Other,53,English,Direct Traffic,12569.91
CUST_0687,Sneha,Joshi,cust_0687@customer-c360.com,2026-03-25,Other,21,English,Google Ads,6282.29
CUST_0688,Divya,Singh,cust_0688@customer-c360.com,2026-03-20,Other,18,English,Direct Traffic,3380.56
CUST_0689,Sneha,Patel,cust_0689@customer-c360.com,2026-03-17,Male,49,English,Direct Traffic,6617.36
CUST_0690,Meera,Verma,cust_0690@customer-c360.com,2026-03-22,Other,62,English,Facebook Ads,8822.55
CUST_0691,Divya,Kumbari,cust_0691@customer-c360.com,2026-03-24,Male,52,English,Organic Search,16408.87
CUST_0692,Vikram,Joshi,cust_0692@customer-c360.com,2026-03-13,Male,50,English,Organic Search,5290.8
CUST_0693,Pooja,Das,cust_0693@customer-c360.com,2026-02-08,Male,38,English,Facebook Ads,9626.07
CUST_0694,Amit,Rao,cust_0694@customer-c360.com,2026-04-06,Male,21,English,Google Ads,905.28
CUST_0695,Arjun,Verma,cust_0695@customer-c360.com,2026-01-19,Female,34,English,Organic Search,19588.34
CUST_0696,Pooja,Rao,cust_0696@customer-c360.com,2026-02-07,Female,36,English,Google Ads,1462.07
CUST_0697,Arjun,Gupta,cust_0697@customer-c360.com,2026-02-10,Other,48,English,Organic Search,0.0
CUST_0698,Pooja,Das,cust_0698@customer-c360.com,2026-03-29,Male,43,English,Organic Search,14594.04
CUST_0699,Shweta,Singh,cust_0699@customer-c360.com,2026-02-21,Male,65,English,Facebook Ads,6578.63
CUST_0700,Meera,Kumbari,cust_0700@customer-c360.com,2026-03-01,Other,45,English,Google Ads,3192.25
CUST_0701,Meera,Verma,cust_0701@customer-c360.com,2026-02-01,Other,38,English,Organic Search,8844.13
CUST_0702,Divya,Verma,cust_0702@customer-c360.com,2026-02-05,Male,24,English,Direct Traffic,26090.0
CUST_0703,Vikram,Rao,cust_0703@customer-c360.com,2026-03-06,Other,55,English,Facebook Ads,0.0
CUST_0704,Vikram,Kumbari,cust_0704@customer-c360.com,2026-03-20,Male,24,English,Direct Traffic,0.0
CUST_0705,Divya,Das,cust_0705@customer-c360.com,2026-02-09,Female,38,English,Direct Traffic,6726.33
CUST_0706,Arjun,Kumbari,cust_0706@customer-c360.com,2026-01-18,Female,44,English,Google Ads,0.0
CUST_0707,Rohan,Verma,cust_0707@customer-c360.com,2026-03-07,Other,40,English,Direct Traffic,825.37
CUST_0708,Pooja,Sharma,cust_0708@customer-c360.com,2026-02-27,Female,44,English,Google Ads,23024.96
CUST_0709,Karan,Singh,cust_0709@customer-c360.com,2026-01-16,Other,59,English,Google Ads,0.0
CUST_0710,Karan,Kumbari,cust_0710@customer-c360.com,2026-01-25,Female,54,English,Direct Traffic,15045.55
CUST_0711,Arjun,Singh,cust_0711@customer-c360.com,2026-03-24,Male,29,English,Direct Traffic,5149.75
CUST_0712,Vikram,Singh,cust_0712@customer-c360.com,2026-03-29,Male,63,English,Google Ads,7118.16
CUST_0713,Vikram,Nair,cust_0713@customer-c360.com,2026-03-10,Other,23,English,Google Ads,0.0
CUST_0714,Sneha,Verma,cust_0714@customer-c360.com,2026-03-17,Other,30,English,Google Ads,10351.94
CUST_0715,Arjun,Verma,cust_0715@customer-c360.com,2026-01-11,Male,20,English,Organic Search,21502.6
CUST_0716,Divya,Kumbari,cust_0716@customer-c360.com,2026-01-01,Other,48,English,Direct Traffic,26481.44
CUST_0717,Pooja,Nair,cust_0717@customer-c360.com,2026-01-07,Other,42,English,Direct Traffic,0.0
CUST_0718,Meera,Rao,cust_0718@customer-c360.com,2026-03-27,Female,47,English,Direct Traffic,12501.83
CUST_0719,Shweta,Kumbari,cust_0719@customer-c360.com,2026-01-13,Female,41,English,Google Ads,297.23
CUST_0720,Shweta,Kumbari,cust_0720@customer-c360.com,2026-03-16,Female,55,English,Direct Traffic,0.0
CUST_0721,Vikram,Das,cust_0721@customer-c360.com,2026-03-27,Other,55,English,Direct Traffic,0.0
CUST_0722,Pooja,Joshi,cust_0722@customer-c360.com,2026-01-28,Other,59,English,Organic Search,3050.39
CUST_0723,Vikram,Kumbari,cust_0723@customer-c360.com,2026-03-24,Male,25,English,Google Ads,2320.42
CUST_0724,Karan,Rao,cust_0724@customer-c360.com,2026-02-02,Female,48,English,Facebook Ads,0.0
CUST_0725,Sneha,Verma,cust_0725@customer-c360.com,2026-02-21,Female,21,English,Google Ads,0.0
CUST_0726,Meera,Patel,cust_0726@customer-c360.com,2026-04-02,Other,56,English,Direct Traffic,8357.25
CUST_0727,Rohan,Das,cust_0727@customer-c360.com,2026-02-06,Female,28,English,Direct Traffic,11595.72
CUST_0728,Meera,Kumbari,cust_0728@customer-c360.com,2026-03-26,Other,25,English,Google Ads,0.0
CUST_0729,Shweta,Kumbari,cust_0729@customer-c360.com,2026-01-20,Female,48,English,Organic Search,0.0
CUST_0730,Pooja,Kumbari,cust_0730@customer-c360.com,2026-03-27,Male,36,English,Facebook Ads,607.07
CUST_0731,Rohan,Sharma,cust_0731@customer-c360.com,2026-02-15,Female,59,English,Facebook Ads,19438.16
CUST_0732,Shweta,Rao,cust_0732@customer-c360.com,2026-03-24,Other,49,English,Facebook Ads,5784.83
CUST_0733,Shweta,Kumbari,cust_0733@customer-c360.com,2026-03-20,Female,35,English,Organic Search,1271.12
CUST_0734,Karan,Gupta,cust_0734@customer-c360.com,2026-02-21,Male,62,English,Facebook Ads,13615.06
CUST_0735,Meera,Das,cust_0735@customer-c360.com,2026-02-02,Male,39,English,Facebook Ads,0.0
CUST_0736,Vikram,Patel,cust_0736@customer-c360.com,2026-01-10,Female,38,English,Organic Search,2150.02
CUST_0737,Karan,Nair,cust_0737@customer-c360.com,2026-02-18,Female,21,English,Organic Search,11185.03
CUST_0738,Divya,Gupta,cust_0738@customer-c360.com,2026-02-02,Female,42,English,Direct Traffic,9368.26
CUST_0739,Sneha,Gupta,cust_0739@customer-c360.com,2026-02-15,Female,46,English,Facebook Ads,8309.63
CUST_0740,Amit,Nair,cust_0740@customer-c360.com,2026-02-12,Other,59,English,Organic Search,12575.28
CUST_0741,Divya,Das,cust_0741@customer-c360.com,2026-01-25,Other,27,English,Google Ads,9433.76
CUST_0742,Vikram,Das,cust_0742@customer-c360.com,2026-04-05,Female,36,English,Organic Search,8115.2
CUST_0743,Divya,Patel,cust_0743@customer-c360.com,2026-03-04,Other,45,English,Google Ads,11558.72
CUST_0744,Arjun,Verma,cust_0744@customer-c360.com,2026-02-16,Other,43,English,Facebook Ads,8113.09
CUST_0745,Vikram,Rao,cust_0745@customer-c360.com,2026-02-11,Male,38,English,Google Ads,0.0
CUST_0746,Sneha,Joshi,cust_0746@customer-c360.com,2026-02-04,Male,28,English,Google Ads,21260.82
CUST_0747,Divya,Verma,cust_0747@customer-c360.com,2026-04-05,Male,32,English,Organic Search,0.0
CUST_0748,Sneha,Patel,cust_0748@customer-c360.com,2026-01-06,Other,50,English,Facebook Ads,0.0
CUST_0749,Vikram,Nair,cust_0749@customer-c360.com,2026-03-01,Male,25,English,Direct Traffic,0.0
CUST_0750,Rohan,Joshi,cust_0750@customer-c360.com,2026-02-19,Female,43,English,Direct Traffic,800.26
CUST_0751,Sneha,Das,cust_0751@customer-c360.com,2026-01-04,Male,35,English,Organic Search,11257.27
CUST_0752,Divya,Gupta,cust_0752@customer-c360.com,2026-02-27,Other,62,English,Organic Search,3195.57
CUST_0753,Divya,Sharma,cust_0753@customer-c360.com,2026-03-31,Female,57,English,Organic Search,1804.72
CUST_0754,Pooja,Patel,cust_0754@customer-c360.com,2026-03-19,Female,19,English,Facebook Ads,0.0
CUST_0755,Divya,Singh,cust_0755@customer-c360.com,2026-02-17,Other,24,English,Google Ads,8841.88
CUST_0756,Meera,Das,cust_0756@customer-c360.com,2026-04-01,Other,21,English,Facebook Ads,17985.09
CUST_0757,Pooja,Das,cust_0757@customer-c360.com,2026-02-03,Male,39,English,Google Ads,4255.4
CUST_0758,Rohan,Rao,cust_0758@customer-c360.com,2026-01-27,Male,24,English,Organic Search,0.0
CUST_0759,Vikram,Sharma,cust_0759@customer-c360.com,2026-03-25,Other,55,English,Google Ads,10699.48
CUST_0760,Amit,Verma,cust_0760@customer-c360.com,2026-03-30,Other,38,English,Direct Traffic,9580.06
CUST_0761,Karan,Verma,cust_0761@customer-c360.com,2026-02-26,Other,37,English,Direct Traffic,12591.06
CUST_0762,Vikram,Singh,cust_0762@customer-c360.com,2026-04-06,Other,60,English,Direct Traffic,20209.64
CUST_0763,Shweta,Gupta,cust_0763@customer-c360.com,2026-03-02,Male,47,English,Google Ads,0.0
CUST_0764,Pooja,Joshi,cust_0764@customer-c360.com,2026-01-14,Female,25,English,Google Ads,15001.76
CUST_0765,Sneha,Rao,cust_0765@customer-c360.com,2026-01-12,Other,42,English,Organic Search,0.0
CUST_0766,Divya,Joshi,cust_0766@customer-c360.com,2026-01-06,Female,45,English,Organic Search,16997.96
CUST_0767,Meera,Joshi,cust_0767@customer-c360.com,2026-01-04,Male,61,English,Facebook Ads,0.0
CUST_0768,Shweta,Kumbari,cust_0768@customer-c360.com,2026-02-27,Male,64,English,Facebook Ads,23135.65
CUST_0769,Rohan,Patel,cust_0769@customer-c360.com,2026-04-05,Male,41,English,Organic Search,0.0
CUST_0770,Pooja,Sharma,cust_0770@customer-c360.com,2026-01-23,Male,58,English,Direct Traffic,1654.63
CUST_0771,Vikram,Kumbari,cust_0771@customer-c360.com,2026-04-06,Male,24,English,Direct Traffic,10698.71
CUST_0772,Arjun,Verma,cust_0772@customer-c360.com,2026-03-22,Male,60,English,Facebook Ads,0.0
CUST_0773,Arjun,Nair,cust_0773@customer-c360.com,2026-02-03,Female,40,English,Organic Search,14088.09
CUST_0774,Rohan,Patel,cust_0774@customer-c360.com,2026-02-05,Other,46,English,Direct Traffic,0.0
CUST_0775,Pooja,Kumbari,cust_0775@customer-c360.com,2026-01-22,Other,59,English,Google Ads,11187.73
CUST_0776,Sneha,Gupta,cust_0776@customer-c360.com,2026-04-10,Female,18,English,Facebook Ads,9081.14
CUST_0777,Arjun,Kumbari,cust_0777@customer-c360.com,2026-03-14,Other,63,English,Direct Traffic,0.0
CUST_0778,Sneha,Joshi,cust_0778@customer-c360.com,2026-04-07,Other,40,English,Direct Traffic,5048.61
CUST_0779,Arjun,Gupta,cust_0779@customer-c360.com,2026-01-07,Other,20,English,Facebook Ads,0.0
CUST_0780,Rohan,Joshi,cust_0780@customer-c360.com,2026-01-29,Male,44,English,Facebook Ads,4324.56
CUST_0781,Divya,Singh,cust_0781@customer-c360.com,2026-02-25,Male,53,English,Direct Traffic,9802.98
CUST_0782,Karan,Singh,cust_0782@customer-c360.com,2026-02-27,Other,36,English,Google Ads,9015.1
CUST_0783,Arjun,Joshi,cust_0783@customer-c360.com,2026-03-20,Male,36,English,Organic Search,7970.23
CUST_0784,Amit,Singh,cust_0784@customer-c360.com,2026-01-01,Female,21,English,Direct Traffic,22278.33
CUST_0785,Rohan,Verma,cust_0785@customer-c360.com,2026-01-26,Female,47,English,Google Ads,9159.08
CUST_0786,Arjun,Joshi,cust_0786@customer-c360.com,2026-01-31,Male,57,English,Facebook Ads,12471.77
CUST_0787,Karan,Gupta,cust_0787@customer-c360.com,2026-01-17,Female,24,English,Direct Traffic,0.0
CUST_0788,Rohan,Sharma,cust_0788@customer-c360.com,2026-04-10,Female,63,English,Facebook Ads,4777.64
CUST_0789,Karan,Kumbari,cust_0789@customer-c360.com,2026-01-25,Male,63,English,Organic Search,25388.03
CUST_0790,Rohan,Das,cust_0790@customer-c360.com,2026-02-27,Female,62,English,Facebook Ads,0.0
CUST_0791,Karan,Nair,cust_0791@customer-c360.com,2026-01-25,Other,20,English,Organic Search,9333.47
CUST_0792,Arjun,Verma,cust_0792@customer-c360.com,2026-01-01,Male,19,English,Direct Traffic,5592.73
CUST_0793,Vikram,Verma,cust_0793@customer-c360.com,2026-02-18,Female,25,English,Google Ads,18980.64
CUST_0794,Amit,Verma,cust_0794@customer-c360.com,2026-03-28,Male,34,English,Organic Search,13940.66
CUST_0795,Karan,Das,cust_0795@customer-c360.com,2026-03-15,Male,22,English,Facebook Ads,0.0
CUST_0796,Karan,Das,cust_0796@customer-c360.com,2026-01-07,Male,59,English,Facebook Ads,19131.38
CUST_0797,Amit,Patel,cust_0797@customer-c360.com,2026-02-23,Male,62,English,Direct Traffic,1269.06
CUST_0798,Amit,Joshi,cust_0798@customer-c360.com,2026-01-19,Male,26,English,Organic Search,0.0
CUST_0799,Pooja,Gupta,cust_0799@customer-c360.com,2026-03-30,Female,24,English,Google Ads,7785.67
CUST_0800,Divya,Joshi,cust_0800@customer-c360.com,2026-01-07,Other,25,English,Facebook Ads,6637.86
CUST_0801,Sneha,Kumbari,cust_0801@customer-c360.com,2026-03-20,Other,26,English,Direct Traffic,8173.84
CUST_0802,Pooja,Patel,cust_0802@customer-c360.com,2026-01-27,Male,53,English,Facebook Ads,26977.37
CUST_0803,Divya,Sharma,cust_0803@customer-c360.com,2026-03-23,Other,55,English,Organic Search,21911.99
CUST_0804,Vikram,Joshi,cust_0804@customer-c360.com,2026-03-07,Female,39,English,Facebook Ads,5412.67
CUST_0805,Meera,Das,cust_0805@customer-c360.com,2026-02-19,Other,42,English,Organic Search,12260.14
CUST_0806,Rohan,Nair,cust_0806@customer-c360.com,2026-03-22,Other,56,English,Facebook Ads,0.0
CUST_0807,Sneha,Sharma,cust_0807@customer-c360.com,2026-03-04,Female,52,English,Facebook Ads,7777.33
CUST_0808,Karan,Das,cust_0808@customer-c360.com,2026-01-02,Female,32,English,Organic Search,9457.95
CUST_0809,Rohan,Verma,cust_0809@customer-c360.com,2026-03-27,Female,54,English,Google Ads,7690.69
CUST_0810,Vikram,Das,cust_0810@customer-c360.com,2026-04-02,Other,64,English,Direct Traffic,16840.14
CUST_0811,Shweta,Rao,cust_0811@customer-c360.com,2026-02-24,Male,19,English,Facebook Ads,26820.78
CUST_0812,Vikram,Joshi,cust_0812@customer-c360.com,2026-03-14,Male,64,English,Facebook Ads,0.0
CUST_0813,Amit,Patel,cust_0813@customer-c360.com,2026-01-11,Male,44,English,Google Ads,17246.97
CUST_0814,Meera,Verma,cust_0814@customer-c360.com,2026-03-09,Other,27,English,Google Ads,9439.27
CUST_0815,Shweta,Das,cust_0815@customer-c360.com,2026-01-16,Other,54,English,Facebook Ads,3369.35
CUST_0816,Pooja,Joshi,cust_0816@customer-c360.com,2026-02-27,Male,46,English,Facebook Ads,0.0
CUST_0817,Vikram,Kumbari,cust_0817@customer-c360.com,2026-03-21,Female,59,English,Organic Search,0.0
CUST_0818,Amit,Rao,cust_0818@customer-c360.com,2026-04-03,Male,33,English,Organic Search,12204.21
CUST_0819,Divya,Patel,cust_0819@customer-c360.com,2026-03-08,Male,61,English,Organic Search,0.0
CUST_0820,Amit,Verma,cust_0820@customer-c360.com,2026-02-08,Other,33,English,Facebook Ads,0.0
CUST_0821,Sneha,Nair,cust_0821@customer-c360.com,2026-01-29,Female,57,English,Facebook Ads,0.0
CUST_0822,Amit,Patel,cust_0822@customer-c360.com,2026-01-07,Male,37,English,Google Ads,8912.62
CUST_0823,Pooja,Patel,cust_0823@customer-c360.com,2026-02-14,Other,65,English,Direct Traffic,20225.79
CUST_0824,Vikram,Rao,cust_0824@customer-c360.com,2026-04-08,Male,38,English,Facebook Ads,7433.6
CUST_0825,Arjun,Rao,cust_0825@customer-c360.com,2026-03-26,Male,57,English,Direct Traffic,7282.7
CUST_0826,Arjun,Das,cust_0826@customer-c360.com,2026-03-24,Other,30,English,Direct Traffic,6365.29
CUST_0827,Rohan,Kumbari,cust_0827@customer-c360.com,2026-01-09,Male,27,English,Facebook Ads,9447.17
CUST_0828,Meera,Nair,cust_0828@customer-c360.com,2026-03-07,Female,40,English,Organic Search,7051.43
CUST_0829,Rohan,Rao,cust_0829@customer-c360.com,2026-02-06,Other,27,English,Facebook Ads,5466.16
CUST_0830,Vikram,Das,cust_0830@customer-c360.com,2026-01-24,Female,46,English,Facebook Ads,8007.46
CUST_0831,Arjun,Rao,cust_0831@customer-c360.com,2026-03-03,Other,38,English,Facebook Ads,0.0
CUST_0832,Amit,Joshi,cust_0832@customer-c360.com,2026-02-09,Female,37,English,Google Ads,8320.53
CUST_0833,Arjun,Rao,cust_0833@customer-c360.com,2026-03-30,Female,30,English,Direct Traffic,3803.4
CUST_0834,Shweta,Kumbari,cust_0834@customer-c360.com,2026-01-23,Female,64,English,Direct Traffic,8018.43
CUST_0835,Meera,Kumbari,cust_0835@customer-c360.com,2026-02-27,Other,22,English,Direct Traffic,9503.97
CUST_0836,Amit,Singh,cust_0836@customer-c360.com,2026-01-04,Female,51,English,Facebook Ads,16539.55
CUST_0837,Amit,Rao,cust_0837@customer-c360.com,2026-03-03,Female,49,English,Google Ads,16232.71
CUST_0838,Pooja,Rao,cust_0838@customer-c360.com,2026-03-31,Other,20,English,Direct Traffic,8986.38
CUST_0839,Rohan,Rao,cust_0839@customer-c360.com,2026-04-11,Female,53,English,Direct Traffic,9688.19
CUST_0840,Meera,Singh,cust_0840@customer-c360.com,2026-04-01,Female,45,English,Organic Search,0.0
CUST_0841,Amit,Verma,cust_0841@customer-c360.com,2026-01-14,Female,52,English,Organic Search,0.0
CUST_0842,Sneha,Nair,cust_0842@customer-c360.com,2026-03-06,Other,61,English,Direct Traffic,11275.32
CUST_0843,Sneha,Joshi,cust_0843@customer-c360.com,2026-01-17,Female,54,English,Google Ads,27634.01
CUST_0844,Vikram,Patel,cust_0844@customer-c360.com,2026-04-10,Male,61,English,Facebook Ads,5201.98
CUST_0845,Amit,Verma,cust_0845@customer-c360.com,2026-03-11,Male,37,English,Facebook Ads,15140.34
CUST_0846,Meera,Nair,cust_0846@customer-c360.com,2026-02-08,Female,39,English,Facebook Ads,0.0
CUST_0847,Vikram,Verma,cust_0847@customer-c360.com,2026-03-21,Other,38,English,Facebook Ads,13779.44
CUST_0848,Shweta,Gupta,cust_0848@customer-c360.com,2026-02-13,Male,35,English,Organic Search,13185.82
CUST_0849,Divya,Das,cust_0849@customer-c360.com,2026-02-01,Female,36,English,Organic Search,22655.14
CUST_0850,Rohan,Sharma,cust_0850@customer-c360.com,2026-01-13,Male,18,English,Facebook Ads,9973.32
CUST_0851,Shweta,Kumbari,cust_0851@customer-c360.com,2026-01-11,Other,41,English,Facebook Ads,13383.19
CUST_0852,Karan,Joshi,cust_0852@customer-c360.com,2026-03-16,Male,25,English,Facebook Ads,0.0
CUST_0853,Pooja,Das,cust_0853@customer-c360.com,2026-04-07,Male,25,English,Direct Traffic,12115.59
CUST_0854,Vikram,Das,cust_0854@customer-c360.com,2026-01-21,Female,23,English,Organic Search,6905.38
CUST_0855,Amit,Joshi,cust_0855@customer-c360.com,2026-02-12,Female,30,English,Facebook Ads,0.0
CUST_0856,Arjun,Singh,cust_0856@customer-c360.com,2026-01-05,Other,24,English,Google Ads,8295.35
CUST_0857,Vikram,Rao,cust_0857@customer-c360.com,2026-01-08,Other,53,English,Direct Traffic,9771.44
CUST_0858,Amit,Nair,cust_0858@customer-c360.com,2026-01-25,Other,53,English,Direct Traffic,0.0
CUST_0859,Pooja,Gupta,cust_0859@customer-c360.com,2026-01-24,Other,59,English,Organic Search,31390.03
CUST_0860,Sneha,Rao,cust_0860@customer-c360.com,2026-04-01,Female,59,English,Google Ads,15351.33
CUST_0861,Vikram,Kumbari,cust_0861@customer-c360.com,2026-02-06,Male,63,English,Google Ads,7097.47
CUST_0862,Vikram,Nair,cust_0862@customer-c360.com,2026-03-21,Other,50,English,Direct Traffic,0.0
CUST_0863,Sneha,Rao,cust_0863@customer-c360.com,2026-01-02,Male,61,English,Organic Search,14649.7
CUST_0864,Shweta,Sharma,cust_0864@customer-c360.com,2026-01-10,Other,61,English,Direct Traffic,5255.77
CUST_0865,Shweta,Kumbari,cust_0865@customer-c360.com,2026-03-13,Female,42,English,Google Ads,27626.34
CUST_0866,Amit,Gupta,cust_0866@customer-c360.com,2026-01-20,Male,48,English,Direct Traffic,7137.34
CUST_0867,Karan,Verma,cust_0867@customer-c360.com,2026-04-10,Male,60,English,Facebook Ads,2808.89
CUST_0868,Meera,Das,cust_0868@customer-c360.com,2026-03-12,Female,39,English,Direct Traffic,9827.62
CUST_0869,Shweta,Kumbari,cust_0869@customer-c360.com,2026-01-23,Other,51,English,Facebook Ads,7720.67
CUST_0870,Arjun,Rao,cust_0870@customer-c360.com,2026-02-10,Other,41,English,Direct Traffic,12184.96
CUST_0871,Vikram,Patel,cust_0871@customer-c360.com,2026-03-31,Other,20,English,Organic Search,6419.89
CUST_0872,Pooja,Gupta,cust_0872@customer-c360.com,2026-01-25,Male,51,English,Direct Traffic,8717.91
CUST_0873,Sneha,Rao,cust_0873@customer-c360.com,2026-01-14,Male,55,English,Organic Search,0.0
CUST_0874,Meera,Nair,cust_0874@customer-c360.com,2026-04-02,Other,57,English,Facebook Ads,10268.12
CUST_0875,Sneha,Kumbari,cust_0875@customer-c360.com,2026-02-07,Male,42,English,Facebook Ads,8316.3
CUST_0876,Rohan,Gupta,cust_0876@customer-c360.com,2026-03-09,Female,55,English,Organic Search,10213.72
CUST_0877,Karan,Verma,cust_0877@customer-c360.com,2026-03-12,Other,40,English,Google Ads,11284.32
CUST_0878,Divya,Patel,cust_0878@customer-c360.com,2026-01-23,Female,48,English,Facebook Ads,0.0
CUST_0879,Pooja,Rao,cust_0879@customer-c360.com,2026-04-11,Female,51,English,Organic Search,6954.3
CUST_0880,Amit,Gupta,cust_0880@customer-c360.com,2026-02-21,Female,19,English,Direct Traffic,14473.16
CUST_0881,Vikram,Patel,cust_0881@customer-c360.com,2026-01-26,Male,32,English,Facebook Ads,10854.18
CUST_0882,Divya,Sharma,cust_0882@customer-c360.com,2026-02-19,Other,39,English,Google Ads,15312.13
CUST_0883,Rohan,Sharma,cust_0883@customer-c360.com,2026-04-10,Male,54,English,Facebook Ads,1664.79
CUST_0884,Arjun,Nair,cust_0884@customer-c360.com,2026-03-07,Other,46,English,Direct Traffic,0.0
CUST_0885,Rohan,Kumbari,cust_0885@customer-c360.com,2026-02-13,Other,56,English,Google Ads,14323.37
CUST_0886,Meera,Sharma,cust_0886@customer-c360.com,2026-03-24,Other,30,English,Direct Traffic,0.0
CUST_0887,Karan,Singh,cust_0887@customer-c360.com,2026-03-28,Female,23,English,Facebook Ads,14252.12
CUST_0888,Amit,Das,cust_0888@customer-c360.com,2026-03-10,Male,47,English,Direct Traffic,18762.79
CUST_0889,Sneha,Kumbari,cust_0889@customer-c360.com,2026-02-27,Other,20,English,Google Ads,8484.28
CUST_0890,Vikram,Singh,cust_0890@customer-c360.com,2026-03-25,Female,48,English,Organic Search,9619.32
CUST_0891,Pooja,Patel,cust_0891@customer-c360.com,2026-02-15,Male,54,English,Direct Traffic,16416.59
CUST_0892,Meera,Rao,cust_0892@customer-c360.com,2026-02-11,Female,23,English,Organic Search,2931.23
CUST_0893,Sneha,Verma,cust_0893@customer-c360.com,2026-01-17,Other,27,English,Facebook Ads,9929.49
CUST_0894,Sneha,Sharma,cust_0894@customer-c360.com,2026-01-27,Female,56,English,Google Ads,26076.34
CUST_0895,Arjun,Singh,cust_0895@customer-c360.com,2026-03-13,Female,58,English,Facebook Ads,3635.93
CUST_0896,Sneha,Singh,cust_0896@customer-c360.com,2026-01-04,Female,21,English,Direct Traffic,2406.5
CUST_0897,Vikram,Verma,cust_0897@customer-c360.com,2026-01-06,Male,60,English,Facebook Ads,0.0
CUST_0898,Vikram,Das,cust_0898@customer-c360.com,2026-03-03,Female,34,English,Facebook Ads,11629.83
CUST_0899,Arjun,Gupta,cust_0899@customer-c360.com,2026-01-07,Female,59,English,Facebook Ads,0.0
CUST_0900,Pooja,Kumbari,cust_0900@customer-c360.com,2026-04-07,Female,44,English,Facebook Ads,11293.64
CUST_0901,Sneha,Singh,cust_0901@customer-c360.com,2026-01-04,Other,58,English,Direct Traffic,17806.84
CUST_0902,Arjun,Sharma,cust_0902@customer-c360.com,2026-03-29,Female,55,English,Google Ads,3871.1
CUST_0903,Shweta,Gupta,cust_0903@customer-c360.com,2026-01-23,Female,52,English,Facebook Ads,316.92
CUST_0904,Pooja,Gupta,cust_0904@customer-c360.com,2026-01-19,Male,19,English,Direct Traffic,0.0
CUST_0905,Rohan,Joshi,cust_0905@customer-c360.com,2026-03-11,Female,47,English,Direct Traffic,12189.35
CUST_0906,Rohan,Gupta,cust_0906@customer-c360.com,2026-02-12,Female,36,English,Direct Traffic,9147.21
CUST_0907,Shweta,Rao,cust_0907@customer-c360.com,2026-02-27,Other,39,English,Organic Search,15549.15
CUST_0908,Vikram,Rao,cust_0908@customer-c360.com,2026-02-22,Male,31,English,Direct Traffic,0.0
CUST_0909,Vikram,Rao,cust_0909@customer-c360.com,2026-04-10,Female,31,English,Direct Traffic,13665.45
CUST_0910,Pooja,Singh,cust_0910@customer-c360.com,2026-03-12,Female,38,English,Facebook Ads,10511.18
CUST_0911,Vikram,Das,cust_0911@customer-c360.com,2026-04-04,Male,40,English,Organic Search,0.0
CUST_0912,Pooja,Patel,cust_0912@customer-c360.com,2026-02-12,Other,56,English,Google Ads,18446.64
CUST_0913,Vikram,Patel,cust_0913@customer-c360.com,2026-02-26,Female,53,English,Organic Search,0.0
CUST_0914,Karan,Sharma,cust_0914@customer-c360.com,2026-02-26,Other,30,English,Direct Traffic,8919.81
CUST_0915,Shweta,Patel,cust_0915@customer-c360.com,2026-02-26,Male,60,English,Organic Search,1877.67
CUST_0916,Rohan,Nair,cust_0916@customer-c360.com,2026-02-01,Female,64,English,Organic Search,10451.65
CUST_0917,Meera,Singh,cust_0917@customer-c360.com,2026-03-27,Female,65,English,Google Ads,0.0
CUST_0918,Karan,Kumbari,cust_0918@customer-c360.com,2026-02-25,Other,37,English,Facebook Ads,2425.91
CUST_0919,Karan,Nair,cust_0919@customer-c360.com,2026-02-01,Female,24,English,Direct Traffic,0.0
CUST_0920,Sneha,Patel,cust_0920@customer-c360.com,2026-03-27,Female,65,English,Google Ads,9471.1
CUST_0921,Pooja,Das,cust_0921@customer-c360.com,2026-03-21,Female,64,English,Facebook Ads,8711.84
CUST_0922,Vikram,Sharma,cust_0922@customer-c360.com,2026-01-03,Other,32,English,Google Ads,5882.81
CUST_0923,Karan,Singh,cust_0923@customer-c360.com,2026-03-03,Female,45,English,Google Ads,8767.83
CUST_0924,Vikram,Joshi,cust_0924@customer-c360.com,2026-01-21,Male,53,English,Direct Traffic,0.0
CUST_0925,Rohan,Patel,cust_0925@customer-c360.com,2026-03-09,Male,37,English,Google Ads,0.0
CUST_0926,Shweta,Rao,cust_0926@customer-c360.com,2026-01-21,Other,56,English,Facebook Ads,7255.57
CUST_0927,Meera,Verma,cust_0927@customer-c360.com,2026-03-05,Other,22,English,Facebook Ads,0.0
CUST_0928,Vikram,Nair,cust_0928@customer-c360.com,2026-03-15,Female,43,English,Google Ads,2686.39
CUST_0929,Pooja,Das,cust_0929@customer-c360.com,2026-01-14,Female,32,English,Facebook Ads,4929.9
CUST_0930,Arjun,Sharma,cust_0930@customer-c360.com,2026-03-21,Male,27,English,Google Ads,12761.8
CUST_0931,Shweta,Sharma,cust_0931@customer-c360.com,2026-02-01,Male,56,English,Facebook Ads,17446.81
CUST_0932,Rohan,Patel,cust_0932@customer-c360.com,2026-02-18,Male,44,English,Facebook Ads,23405.91
CUST_0933,Arjun,Rao,cust_0933@customer-c360.com,2026-02-11,Female,19,English,Facebook Ads,19151.94
CUST_0934,Meera,Gupta,cust_0934@customer-c360.com,2026-03-09,Male,33,English,Facebook Ads,0.0
CUST_0935,Meera,Rao,cust_0935@customer-c360.com,2026-01-31,Other,30,English,Direct Traffic,0.0
CUST_0936,Divya,Verma,cust_0936@customer-c360.com,2026-02-01,Female,19,English,Google Ads,14683.96
CUST_0937,Arjun,Rao,cust_0937@customer-c360.com,2026-02-11,Other,20,English,Direct Traffic,0.0
CUST_0938,Sneha,Singh,cust_0938@customer-c360.com,2026-02-06,Other,52,English,Direct Traffic,17447.36
CUST_0939,Shweta,Rao,cust_0939@customer-c360.com,2026-04-05,Male,47,English,Direct Traffic,7054.55
CUST_0940,Vikram,Nair,cust_0940@customer-c360.com,2026-01-10,Male,34,English,Facebook Ads,20837.19
CUST_0941,Karan,Verma,cust_0941@customer-c360.com,2026-03-06,Male,43,English,Google Ads,0.0
CUST_0942,Rohan,Gupta,cust_0942@customer-c360.com,2026-01-16,Female,27,English,Organic Search,20905.59
CUST_0943,Karan,Singh,cust_0943@customer-c360.com,2026-02-22,Male,27,English,Facebook Ads,6265.37
CUST_0944,Pooja,Joshi,cust_0944@customer-c360.com,2026-03-18,Other,26,English,Google Ads,15585.35
CUST_0945,Meera,Verma,cust_0945@customer-c360.com,2026-02-18,Female,59,English,Organic Search,10266.16
CUST_0946,Meera,Gupta,cust_0946@customer-c360.com,2026-01-29,Female,58,English,Organic Search,0.0
CUST_0947,Shweta,Nair,cust_0947@customer-c360.com,2026-03-16,Male,38,English,Facebook Ads,0.0
CUST_0948,Meera,Kumbari,cust_0948@customer-c360.com,2026-01-22,Other,24,English,Google Ads,0.0
CUST_0949,Rohan,Kumbari,cust_0949@customer-c360.com,2026-01-11,Other,60,English,Facebook Ads,6686.54
CUST_0950,Shweta,Rao,cust_0950@customer-c360.com,2026-01-27,Male,57,English,Google Ads,15700.77
CUST_0951,Divya,Das,cust_0951@customer-c360.com,2026-01-05,Male,38,English,Facebook Ads,11154.92
CUST_0952,Arjun,Patel,cust_0952@customer-c360.com,2026-03-26,Other,45,English,Direct Traffic,14048.76
CUST_0953,Karan,Nair,cust_0953@customer-c360.com,2026-02-21,Male,34,English,Facebook Ads,21794.73
CUST_0954,Rohan,Nair,cust_0954@customer-c360.com,2026-02-13,Other,19,English,Direct Traffic,16137.19
CUST_0955,Amit,Rao,cust_0955@customer-c360.com,2026-01-28,Male,52,English,Google Ads,1643.22
CUST_0956,Shweta,Joshi,cust_0956@customer-c360.com,2026-02-07,Female,21,English,Direct Traffic,10759.12
CUST_0957,Pooja,Kumbari,cust_0957@customer-c360.com,2026-01-25,Male,45,English,Direct Traffic,0.0
CUST_0958,Sneha,Rao,cust_0958@customer-c360.com,2026-03-22,Other,62,English,Google Ads,11013.59
CUST_0959,Pooja,Verma,cust_0959@customer-c360.com,2026-02-06,Male,60,English,Google Ads,28782.5
CUST_0960,Rohan,Sharma,cust_0960@customer-c360.com,2026-02-27,Other,46,English,Google Ads,5036.88
CUST_0961,Sneha,Rao,cust_0961@customer-c360.com,2026-04-10,Male,60,English,Facebook Ads,4254.14
CUST_0962,Rohan,Singh,cust_0962@customer-c360.com,2026-01-21,Other,24,English,Google Ads,12126.35
CUST_0963,Shweta,Das,cust_0963@customer-c360.com,2026-01-30,Female,29,English,Google Ads,14605.08
CUST_0964,Karan,Verma,cust_0964@customer-c360.com,2026-03-23,Other,46,English,Google Ads,3538.0
CUST_0965,Vikram,Singh,cust_0965@customer-c360.com,2026-01-24,Other,49,English,Google Ads,18629.03
CUST_0966,Karan,Nair,cust_0966@customer-c360.com,2026-04-09,Female,64,English,Direct Traffic,0.0
CUST_0967,Vikram,Kumbari,cust_0967@customer-c360.com,2026-01-14,Other,45,English,Direct Traffic,0.0
CUST_0968,Pooja,Rao,cust_0968@customer-c360.com,2026-03-09,Other,26,English,Google Ads,0.0
CUST_0969,Amit,Nair,cust_0969@customer-c360.com,2026-02-11,Female,21,English,Organic Search,19913.15
CUST_0970,Rohan,Kumbari,cust_0970@customer-c360.com,2026-04-01,Female,61,English,Organic Search,11324.42
CUST_0971,Divya,Kumbari,cust_0971@customer-c360.com,2026-02-10,Male,62,English,Google Ads,0.0
CUST_0972,Pooja,Verma,cust_0972@customer-c360.com,2026-03-28,Male,42,English,Organic Search,6128.1
CUST_0973,Vikram,Patel,cust_0973@customer-c360.com,2026-03-24,Female,30,English,Facebook Ads,4368.19
CUST_0974,Divya,Sharma,cust_0974@customer-c360.com,2026-04-05,Female,30,English,Organic Search,5706.81
CUST_0975,Pooja,Singh,cust_0975@customer-c360.com,2026-03-19,Male,43,English,Organic Search,6246.57
CUST_0976,Meera,Nair,cust_0976@customer-c360.com,2026-01-22,Female,35,English,Direct Traffic,8323.68
CUST_0977,Sneha,Gupta,cust_0977@customer-c360.com,2026-01-24,Other,20,English,Direct Traffic,23422.71
CUST_0978,Shweta,Nair,cust_0978@customer-c360.com,2026-02-03,Male,41,English,Facebook Ads,13445.68
CUST_0979,Divya,Joshi,cust_0979@customer-c360.com,2026-02-24,Female,62,English,Organic Search,15693.34
CUST_0980,Amit,Kumbari,cust_0980@customer-c360.com,2026-03-08,Other,50,English,Facebook Ads,8487.36
CUST_0981,Pooja,Singh,cust_0981@customer-c360.com,2026-03-23,Other,56,English,Facebook Ads,11950.97
CUST_0982,Karan,Patel,cust_0982@customer-c360.com,2026-03-31,Male,57,English,Direct Traffic,0.0
CUST_0983,Rohan,Joshi,cust_0983@customer-c360.com,2026-02-04,Male,49,English,Direct Traffic,0.0
CUST_0984,Sneha,Joshi,cust_0984@customer-c360.com,2026-03-16,Other,20,English,Direct Traffic,14118.97
CUST_0985,Meera,Das,cust_0985@customer-c360.com,2026-02-09,Other,40,English,Google Ads,0.0
CUST_0986,Sneha,Kumbari,cust_0986@customer-c360.com,2026-03-19,Other,44,English,Direct Traffic,12184.75
CUST_0987,Amit,Sharma,cust_0987@customer-c360.com,2026-02-06,Other,45,English,Google Ads,1246.8
CUST_0988,Pooja,Singh,cust_0988@customer-c360.com,2026-02-04,Female,63,English,Direct Traffic,5359.9
CUST_0989,Shweta,Verma,cust_0989@customer-c360.com,2026-03-29,Other,28,English,Organic Search,15700.16
CUST_0990,Arjun,Joshi,cust_0990@customer-c360.com,2026-03-20,Male,25,English,Facebook Ads,5926.12
CUST_0991,Sneha,Das,cust_0991@customer-c360.com,2026-02-07,Female,22,English,Organic Search,2132.04
CUST_0992,Karan,Sharma,cust_0992@customer-c360.com,2026-02-23,Male,50,English,Google Ads,23980.47
CUST_0993,Pooja,Kumbari,cust_0993@customer-c360.com,2026-03-31,Male,48,English,Google Ads,0.0
CUST_0994,Sneha,Joshi,cust_0994@customer-c360.com,2026-02-08,Other,57,English,Direct Traffic,17756.35
CUST_0995,Sneha,Patel,cust_0995@customer-c360.com,2026-01-25,Male,62,English,Facebook Ads,14176.29
CUST_0996,Vikram,Kumbari,cust_0996@customer-c360.com,2026-01-27,Female,31,English,Google Ads,524.26
CUST_0997,Karan,Verma,cust_0997@customer-c360.com,2026-02-22,Female,33,English,Organic Search,0.0
CUST_0998,Rohan,Verma,cust_0998@customer-c360.com,2026-01-28,Other,32,English,Google Ads,18145.0
CUST_0999,Sneha,Sharma,cust_0999@customer-c360.com,2026-02-03,Other,46,English,Facebook Ads,13336.55
CUST_1000,Rohan,Nair,cust_1000@customer-c360.com,2026-02-05,Female,33,English,Organic Search,7555.92
