sku_key,product_name,category,historical_mean,linest_slope,forecast_12m_sum,monthly_forecast_distribution
1,T-Shirts 697,Apparel,349.5,102.8,7411.0,"[np.float64(448.0), np.float64(478.8), np.float64(509.6), np.float64(540.5), np.float64(571.3), np.float64(602.2), np.float64(633.0), np.float64(663.8), np.float64(694.7), np.float64(725.5), np.float64(756.4), np.float64(787.2)]"
2,Mineral Water 526,Beverages,351.5,111.0,8250.6,"[np.float64(504.4), np.float64(537.7), np.float64(571.0), np.float64(604.3), np.float64(637.6), np.float64(670.9), np.float64(704.2), np.float64(737.5), np.float64(770.8), np.float64(804.1), np.float64(837.4), np.float64(870.7)]"
3,Caps 278,Apparel,380.2,124.5,8818.7,"[np.float64(529.4), np.float64(566.8), np.float64(604.2), np.float64(641.5), np.float64(678.9), np.float64(716.2), np.float64(753.6), np.float64(790.9), np.float64(828.3), np.float64(865.6), np.float64(903.0), np.float64(940.3)]"
4,Earphones 819,Electronics,365.0,116.6,8250.6,"[np.float64(495.2), np.float64(530.1), np.float64(565.1), np.float64(600.1), np.float64(635.1), np.float64(670.1), np.float64(705.0), np.float64(740.0), np.float64(775.0), np.float64(810.0), np.float64(845.0), np.float64(879.9)]"
5,Cushions 643,Home Decor,361.2,101.5,7676.2,"[np.float64(472.2), np.float64(502.6), np.float64(533.1), np.float64(563.6), np.float64(594.0), np.float64(624.4), np.float64(654.9), np.float64(685.4), np.float64(715.8), np.float64(746.3), np.float64(776.7), np.float64(807.2)]"
6,Spices 792,Grocery,367.0,120.8,8849.0,"[np.float64(538.1), np.float64(574.3), np.float64(610.6), np.float64(646.8), np.float64(683.1), np.float64(719.3), np.float64(755.5), np.float64(791.8), np.float64(828.0), np.float64(864.3), np.float64(900.5), np.float64(936.7)]"
7,Cooking Oil 321,Grocery,319.8,81.3,6323.4,"[np.float64(392.8), np.float64(417.2), np.float64(441.6), np.float64(466.0), np.float64(490.4), np.float64(514.8), np.float64(539.1), np.float64(563.5), np.float64(587.9), np.float64(612.3), np.float64(636.7), np.float64(661.1)]"
8,Wall Clocks 605,Home Decor,337.5,133.0,8859.0,"[np.float64(518.8), np.float64(558.7), np.float64(598.6), np.float64(638.5), np.float64(678.4), np.float64(718.3), np.float64(758.2), np.float64(798.1), np.float64(838.0), np.float64(877.9), np.float64(917.8), np.float64(957.7)]"
9,LED bulbs 618,Home Decor,382.2,113.9,8285.3,"[np.float64(502.5), np.float64(536.7), np.float64(570.8), np.float64(605.0), np.float64(639.2), np.float64(673.4), np.float64(707.5), np.float64(741.7), np.float64(775.9), np.float64(810.0), np.float64(844.2), np.float64(878.4)]"
10,Mineral Water 349,Beverages,348.8,96.1,7601.6,"[np.float64(474.9), np.float64(503.7), np.float64(532.6), np.float64(561.4), np.float64(590.2), np.float64(619.1), np.float64(647.9), np.float64(676.7), np.float64(705.5), np.float64(734.4), np.float64(763.2), np.float64(792.0)]"
11,Soft Drinks 553,Beverages,349.2,142.1,9894.2,"[np.float64(590.0), np.float64(632.7), np.float64(675.3), np.float64(717.9), np.float64(760.6), np.float64(803.2), np.float64(845.8), np.float64(888.5), np.float64(931.1), np.float64(973.7), np.float64(1016.4), np.float64(1059.0)]"
12,Vases 272,Home Decor,355.5,112.4,8028.3,"[np.float64(483.6), np.float64(517.3), np.float64(551.0), np.float64(584.7), np.float64(618.4), np.float64(652.2), np.float64(685.9), np.float64(719.6), np.float64(753.3), np.float64(787.0), np.float64(820.8), np.float64(854.5)]"
13,Vases 870,Home Decor,349.8,110.3,7921.8,"[np.float64(478.2), np.float64(511.2), np.float64(544.3), np.float64(577.4), np.float64(610.5), np.float64(643.6), np.float64(676.7), np.float64(709.8), np.float64(742.9), np.float64(776.0), np.float64(809.1), np.float64(842.1)]"
14,Earphones 482,Electronics,343.0,108.2,7610.1,"[np.float64(455.6), np.float64(488.1), np.float64(520.6), np.float64(553.0), np.float64(585.5), np.float64(618.0), np.float64(650.4), np.float64(682.9), np.float64(715.3), np.float64(747.8), np.float64(780.2), np.float64(812.7)]"
15,Soft Drinks 425,Beverages,372.5,116.6,8235.5,"[np.float64(493.9), np.float64(528.9), np.float64(563.9), np.float64(598.8), np.float64(633.8), np.float64(668.8), np.float64(703.8), np.float64(738.8), np.float64(773.7), np.float64(808.7), np.float64(843.7), np.float64(878.7)]"
16,Green Tea 593,Beverages,380.8,118.1,8585.6,"[np.float64(520.6), np.float64(556.0), np.float64(591.5), np.float64(626.9), np.float64(662.3), np.float64(697.8), np.float64(733.2), np.float64(768.6), np.float64(804.0), np.float64(839.5), np.float64(874.9), np.float64(910.3)]"
17,Socks 400,Apparel,355.8,123.3,8813.4,"[np.float64(531.0), np.float64(568.0), np.float64(605.0), np.float64(642.0), np.float64(679.0), np.float64(716.0), np.float64(752.9), np.float64(789.9), np.float64(826.9), np.float64(863.9), np.float64(900.9), np.float64(937.9)]"
18,Socks 789,Apparel,386.5,140.0,9607.2,"[np.float64(569.6), np.float64(611.6), np.float64(653.6), np.float64(695.6), np.float64(737.6), np.float64(779.6), np.float64(821.6), np.float64(863.6), np.float64(905.6), np.float64(947.6), np.float64(989.6), np.float64(1031.6)]"
19,Power Banks 759,Electronics,369.8,130.5,9071.2,"[np.float64(540.6), np.float64(579.8), np.float64(618.9), np.float64(658.0), np.float64(697.2), np.float64(736.4), np.float64(775.5), np.float64(814.6), np.float64(853.8), np.float64(893.0), np.float64(932.1), np.float64(971.3)]"
20,Fruit Juices 137,Beverages,354.5,107.2,7731.9,"[np.float64(467.4), np.float64(499.6), np.float64(531.8), np.float64(563.9), np.float64(596.1), np.float64(628.2), np.float64(660.4), np.float64(692.6), np.float64(724.7), np.float64(756.9), np.float64(789.1), np.float64(821.2)]"
21,LED bulbs 394,Home Decor,384.8,94.9,7159.1,"[np.float64(440.0), np.float64(468.5), np.float64(496.9), np.float64(525.4), np.float64(553.9), np.float64(582.4), np.float64(610.8), np.float64(639.3), np.float64(667.8), np.float64(696.2), np.float64(724.7), np.float64(753.2)]"
22,Wheat Flour 645,Grocery,401.8,128.1,9075.2,"[np.float64(544.9), np.float64(583.3), np.float64(621.8), np.float64(660.2), np.float64(698.6), np.float64(737.1), np.float64(775.5), np.float64(813.9), np.float64(852.3), np.float64(890.8), np.float64(929.2), np.float64(967.6)]"
23,Spices 278,Grocery,418.2,127.5,9705.4,"[np.float64(598.4), np.float64(636.6), np.float64(674.9), np.float64(713.2), np.float64(751.4), np.float64(789.7), np.float64(827.9), np.float64(866.2), np.float64(904.4), np.float64(942.6), np.float64(980.9), np.float64(1019.2)]"
24,Cooking Oil 696,Grocery,353.5,115.0,8247.0,"[np.float64(497.5), np.float64(532.0), np.float64(566.5), np.float64(601.0), np.float64(635.5), np.float64(670.0), np.float64(704.5), np.float64(739.0), np.float64(773.5), np.float64(808.0), np.float64(842.5), np.float64(877.0)]"
25,Caps 107,Apparel,374.2,92.5,7531.1,"[np.float64(475.0), np.float64(502.7), np.float64(530.4), np.float64(558.2), np.float64(586.0), np.float64(613.7), np.float64(641.5), np.float64(669.2), np.float64(697.0), np.float64(724.7), np.float64(752.5), np.float64(780.2)]"
26,Organic Rice 679,Grocery,389.5,111.0,8421.0,"[np.float64(518.6), np.float64(551.9), np.float64(585.2), np.float64(618.5), np.float64(651.8), np.float64(685.1), np.float64(718.4), np.float64(751.7), np.float64(785.0), np.float64(818.3), np.float64(851.6), np.float64(884.9)]"
27,Cushions 970,Home Decor,381.5,116.2,8626.0,"[np.float64(527.1), np.float64(562.0), np.float64(596.8), np.float64(631.7), np.float64(666.5), np.float64(701.4), np.float64(736.3), np.float64(771.1), np.float64(806.0), np.float64(840.8), np.float64(875.7), np.float64(910.6)]"
28,Denims 907,Apparel,399.8,104.7,8536.9,"[np.float64(538.6), np.float64(570.1), np.float64(601.5), np.float64(632.9), np.float64(664.3), np.float64(695.7), np.float64(727.1), np.float64(758.5), np.float64(789.9), np.float64(821.3), np.float64(852.8), np.float64(884.2)]"
29,LED bulbs 660,Home Decor,364.0,101.0,7453.7,"[np.float64(454.4), np.float64(484.8), np.float64(515.1), np.float64(545.4), np.float64(575.7), np.float64(606.0), np.float64(636.3), np.float64(666.6), np.float64(696.9), np.float64(727.2), np.float64(757.5), np.float64(787.8)]"
30,Green Tea 536,Beverages,372.8,109.9,7951.0,"[np.float64(481.2), np.float64(514.2), np.float64(547.2), np.float64(580.2), np.float64(613.1), np.float64(646.1), np.float64(679.1), np.float64(712.0), np.float64(745.0), np.float64(778.0), np.float64(811.0), np.float64(843.9)]"
31,Denims 281,Apparel,402.8,122.9,9147.5,"[np.float64(559.5), np.float64(596.4), np.float64(633.2), np.float64(670.1), np.float64(707.0), np.float64(743.9), np.float64(780.7), np.float64(817.6), np.float64(854.5), np.float64(891.3), np.float64(928.2), np.float64(965.1)]"
32,Green Tea 707,Beverages,352.5,111.6,8095.1,"[np.float64(490.4), np.float64(523.9), np.float64(557.4), np.float64(590.9), np.float64(624.4), np.float64(657.9), np.float64(691.3), np.float64(724.8), np.float64(758.3), np.float64(791.8), np.float64(825.3), np.float64(858.7)]"
33,Earphones 366,Electronics,361.2,148.1,9606.2,"[np.float64(556.2), np.float64(600.6), np.float64(645.0), np.float64(689.4), np.float64(733.9), np.float64(778.3), np.float64(822.7), np.float64(867.2), np.float64(911.6), np.float64(956.0), np.float64(1000.4), np.float64(1044.9)]"
34,Organic Rice 909,Grocery,371.2,79.7,6210.7,"[np.float64(386.0), np.float64(410.0), np.float64(433.9), np.float64(457.8), np.float64(481.7), np.float64(505.6), np.float64(529.5), np.float64(553.4), np.float64(577.3), np.float64(601.2), np.float64(625.2), np.float64(649.1)]"
35,Socks 612,Apparel,366.8,100.9,7468.7,"[np.float64(455.9), np.float64(486.2), np.float64(516.4), np.float64(546.7), np.float64(577.0), np.float64(607.3), np.float64(637.5), np.float64(667.8), np.float64(698.1), np.float64(728.3), np.float64(758.6), np.float64(788.9)]"
36,Cushions 307,Home Decor,343.2,86.5,6792.8,"[np.float64(423.4), np.float64(449.3), np.float64(475.2), np.float64(501.2), np.float64(527.2), np.float64(553.1), np.float64(579.0), np.float64(605.0), np.float64(630.9), np.float64(656.9), np.float64(682.8), np.float64(708.8)]"
37,Vases 866,Home Decor,370.2,103.9,7912.1,"[np.float64(487.9), np.float64(519.1), np.float64(550.2), np.float64(581.4), np.float64(612.6), np.float64(643.8), np.float64(674.9), np.float64(706.1), np.float64(737.3), np.float64(768.4), np.float64(799.6), np.float64(830.8)]"
38,Denims 465,Apparel,327.8,96.7,6779.0,"[np.float64(405.4), np.float64(434.4), np.float64(463.4), np.float64(492.4), np.float64(521.4), np.float64(550.4), np.float64(579.4), np.float64(608.4), np.float64(637.4), np.float64(666.4), np.float64(695.5), np.float64(724.5)]"
39,Caps 673,Apparel,373.5,109.8,8488.4,"[np.float64(526.2), np.float64(559.1), np.float64(592.1), np.float64(625.0), np.float64(658.0), np.float64(690.9), np.float64(723.8), np.float64(756.8), np.float64(789.7), np.float64(822.7), np.float64(855.6), np.float64(888.5)]"
40,Caps 904,Apparel,373.8,127.7,9122.5,"[np.float64(549.5), np.float64(587.8), np.float64(626.1), np.float64(664.4), np.float64(702.7), np.float64(741.1), np.float64(779.4), np.float64(817.7), np.float64(856.0), np.float64(894.3), np.float64(932.6), np.float64(970.9)]"
41,Wheat Flour 369,Grocery,407.0,136.2,9604.7,"[np.float64(575.7), np.float64(616.5), np.float64(657.4), np.float64(698.2), np.float64(739.1), np.float64(780.0), np.float64(820.8), np.float64(861.7), np.float64(902.5), np.float64(943.4), np.float64(984.3), np.float64(1025.1)]"
42,Socks 786,Apparel,382.8,127.7,8970.1,"[np.float64(536.8), np.float64(575.1), np.float64(613.4), np.float64(651.7), np.float64(690.0), np.float64(728.4), np.float64(766.7), np.float64(805.0), np.float64(843.3), np.float64(881.6), np.float64(919.9), np.float64(958.2)]"
43,Mineral Water 567,Beverages,343.2,86.7,6613.9,"[np.float64(408.1), np.float64(434.1), np.float64(460.1), np.float64(486.1), np.float64(512.1), np.float64(538.2), np.float64(564.2), np.float64(590.2), np.float64(616.2), np.float64(642.2), np.float64(668.2), np.float64(694.2)]"
44,Vases 802,Home Decor,390.2,150.5,9931.0,"[np.float64(579.2), np.float64(624.4), np.float64(669.6), np.float64(714.7), np.float64(759.9), np.float64(805.0), np.float64(850.2), np.float64(895.3), np.float64(940.4), np.float64(985.6), np.float64(1030.8), np.float64(1075.9)]"
45,Soft Drinks 714,Beverages,361.0,132.6,9226.2,"[np.float64(550.1), np.float64(589.8), np.float64(629.6), np.float64(669.4), np.float64(709.2), np.float64(749.0), np.float64(788.7), np.float64(828.5), np.float64(868.3), np.float64(908.1), np.float64(947.9), np.float64(987.6)]"
46,Wall Clocks 345,Home Decor,355.0,117.8,8433.9,"[np.float64(508.4), np.float64(543.8), np.float64(579.1), np.float64(614.5), np.float64(649.8), np.float64(685.2), np.float64(720.5), np.float64(755.8), np.float64(791.2), np.float64(826.5), np.float64(861.9), np.float64(897.2)]"
47,Cushions 940,Home Decor,369.8,110.3,8161.7,"[np.float64(498.2), np.float64(531.2), np.float64(564.3), np.float64(597.4), np.float64(630.5), np.float64(663.6), np.float64(696.7), np.float64(729.8), np.float64(762.9), np.float64(796.0), np.float64(829.0), np.float64(862.1)]"
48,Vases 174,Home Decor,347.0,98.8,7530.2,"[np.float64(464.5), np.float64(494.1), np.float64(523.8), np.float64(553.4), np.float64(583.1), np.float64(612.7), np.float64(642.3), np.float64(672.0), np.float64(701.6), np.float64(731.3), np.float64(760.9), np.float64(790.5)]"
49,Denims 916,Apparel,335.0,92.0,6652.8,"[np.float64(402.6), np.float64(430.2), np.float64(457.8), np.float64(485.4), np.float64(513.0), np.float64(540.6), np.float64(568.2), np.float64(595.8), np.float64(623.4), np.float64(651.0), np.float64(678.6), np.float64(706.2)]"
50,Organic Rice 964,Grocery,391.5,125.6,9168.0,"[np.float64(556.8), np.float64(594.4), np.float64(632.1), np.float64(669.8), np.float64(707.5), np.float64(745.2), np.float64(782.8), np.float64(820.5), np.float64(858.2), np.float64(895.9), np.float64(933.6), np.float64(971.2)]"
51,Cooking Oil 503,Grocery,356.8,99.7,7633.3,"[np.float64(471.6), np.float64(501.5), np.float64(531.4), np.float64(561.3), np.float64(591.2), np.float64(621.2), np.float64(651.1), np.float64(681.0), np.float64(710.9), np.float64(740.8), np.float64(770.7), np.float64(800.6)]"
52,Organic Rice 720,Grocery,326.5,118.2,8267.2,"[np.float64(493.9), np.float64(529.4), np.float64(564.8), np.float64(600.3), np.float64(635.7), np.float64(671.2), np.float64(706.7), np.float64(742.1), np.float64(777.6), np.float64(813.0), np.float64(848.5), np.float64(884.0)]"
53,T-Shirts 585,Apparel,403.2,124.3,9139.2,"[np.float64(556.5), np.float64(593.8), np.float64(631.1), np.float64(668.4), np.float64(705.7), np.float64(743.0), np.float64(780.2), np.float64(817.5), np.float64(854.8), np.float64(892.1), np.float64(929.4), np.float64(966.7)]"
54,Wheat Flour 257,Grocery,340.8,92.1,6962.0,"[np.float64(428.2), np.float64(455.8), np.float64(483.5), np.float64(511.1), np.float64(538.7), np.float64(566.4), np.float64(594.0), np.float64(621.6), np.float64(649.2), np.float64(676.9), np.float64(704.5), np.float64(732.1)]"
55,Soft Drinks 731,Beverages,370.2,120.9,8636.8,"[np.float64(520.2), np.float64(556.5), np.float64(592.8), np.float64(629.1), np.float64(665.3), np.float64(701.6), np.float64(737.9), np.float64(774.1), np.float64(810.4), np.float64(846.7), np.float64(883.0), np.float64(919.2)]"
56,Denims 782,Apparel,350.8,91.9,7093.0,"[np.float64(439.4), np.float64(467.0), np.float64(494.6), np.float64(522.2), np.float64(549.7), np.float64(577.3), np.float64(604.9), np.float64(632.4), np.float64(660.0), np.float64(687.6), np.float64(715.2), np.float64(742.7)]"
57,Vases 983,Home Decor,370.8,136.5,9407.3,"[np.float64(558.7), np.float64(599.7), np.float64(640.6), np.float64(681.6), np.float64(722.5), np.float64(763.4), np.float64(804.4), np.float64(845.4), np.float64(886.3), np.float64(927.3), np.float64(968.2), np.float64(1009.2)]"
58,Power Banks 451,Electronics,377.0,131.4,8921.5,"[np.float64(526.6), np.float64(566.1), np.float64(605.5), np.float64(644.9), np.float64(684.3), np.float64(723.8), np.float64(763.2), np.float64(802.6), np.float64(842.0), np.float64(881.4), np.float64(920.8), np.float64(960.3)]"
59,LED bulbs 352,Home Decor,404.8,122.9,9322.6,"[np.float64(574.1), np.float64(611.0), np.float64(647.8), np.float64(684.7), np.float64(721.6), np.float64(758.4), np.float64(795.3), np.float64(832.2), np.float64(869.1), np.float64(905.9), np.float64(942.8), np.float64(979.7)]"
60,Socks 973,Apparel,389.0,108.4,8310.7,"[np.float64(513.7), np.float64(546.2), np.float64(578.7), np.float64(611.3), np.float64(643.8), np.float64(676.3), np.float64(708.8), np.float64(741.3), np.float64(773.9), np.float64(806.4), np.float64(838.9), np.float64(871.4)]"
61,Cooking Oil 738,Grocery,395.8,132.7,9530.5,"[np.float64(575.2), np.float64(615.1), np.float64(654.9), np.float64(694.7), np.float64(734.5), np.float64(774.3), np.float64(814.1), np.float64(853.9), np.float64(893.7), np.float64(933.5), np.float64(973.4), np.float64(1013.2)]"
62,Mineral Water 901,Beverages,384.5,126.6,8978.3,"[np.float64(539.3), np.float64(577.3), np.float64(615.3), np.float64(653.2), np.float64(691.2), np.float64(729.2), np.float64(767.2), np.float64(805.2), np.float64(843.1), np.float64(881.1), np.float64(919.1), np.float64(957.1)]"
63,T-Shirts 520,Apparel,384.8,131.1,9310.4,"[np.float64(559.6), np.float64(598.9), np.float64(638.2), np.float64(677.5), np.float64(716.9), np.float64(756.2), np.float64(795.5), np.float64(834.9), np.float64(874.2), np.float64(913.5), np.float64(952.8), np.float64(992.2)]"
64,Fruit Juices 548,Beverages,389.0,128.0,8908.8,"[np.float64(531.2), np.float64(569.6), np.float64(608.0), np.float64(646.4), np.float64(684.8), np.float64(723.2), np.float64(761.6), np.float64(800.0), np.float64(838.4), np.float64(876.8), np.float64(915.2), np.float64(953.6)]"
65,Power Banks 597,Electronics,394.8,161.9,10829.8,"[np.float64(635.4), np.float64(683.9), np.float64(732.5), np.float64(781.1), np.float64(829.6), np.float64(878.2), np.float64(926.8), np.float64(975.3), np.float64(1023.9), np.float64(1072.5), np.float64(1121.0), np.float64(1169.6)]"
66,Denims 698,Apparel,358.8,80.3,6771.0,"[np.float64(431.8), np.float64(455.8), np.float64(479.9), np.float64(504.0), np.float64(528.1), np.float64(552.2), np.float64(576.3), np.float64(600.4), np.float64(624.5), np.float64(648.6), np.float64(672.7), np.float64(696.7)]"
67,Power Banks 102,Electronics,346.8,105.1,8097.3,"[np.float64(501.4), np.float64(532.9), np.float64(564.4), np.float64(595.9), np.float64(627.5), np.float64(659.0), np.float64(690.5), np.float64(722.1), np.float64(753.6), np.float64(785.1), np.float64(816.7), np.float64(848.2)]"
68,Caps 745,Apparel,374.5,106.2,8010.4,"[np.float64(492.3), np.float64(524.2), np.float64(556.0), np.float64(587.9), np.float64(619.7), np.float64(651.6), np.float64(683.5), np.float64(715.3), np.float64(747.2), np.float64(779.0), np.float64(810.9), np.float64(842.8)]"
69,USB Cables 559,Electronics,360.0,106.8,8177.0,"[np.float64(505.2), np.float64(537.2), np.float64(569.3), np.float64(601.3), np.float64(633.4), np.float64(665.4), np.float64(697.4), np.float64(729.5), np.float64(761.5), np.float64(793.6), np.float64(825.6), np.float64(857.6)]"
70,Smart plugs 482,Electronics,376.5,102.2,7927.6,"[np.float64(492.0), np.float64(522.7), np.float64(553.3), np.float64(584.0), np.float64(614.6), np.float64(645.3), np.float64(676.0), np.float64(706.6), np.float64(737.3), np.float64(767.9), np.float64(798.6), np.float64(829.3)]"
71,LED bulbs 565,Home Decor,384.0,116.0,8704.8,"[np.float64(534.0), np.float64(568.8), np.float64(603.6), np.float64(638.4), np.float64(673.2), np.float64(708.0), np.float64(742.8), np.float64(777.6), np.float64(812.4), np.float64(847.2), np.float64(882.0), np.float64(916.8)]"
72,Mineral Water 808,Beverages,373.8,85.1,6954.8,"[np.float64(439.2), np.float64(464.7), np.float64(490.2), np.float64(515.7), np.float64(541.3), np.float64(566.8), np.float64(592.3), np.float64(617.9), np.float64(643.4), np.float64(668.9), np.float64(694.4), np.float64(720.0)]"
73,Socks 579,Apparel,364.0,105.0,7568.5,"[np.float64(457.4), np.float64(489.0), np.float64(520.4), np.float64(552.0), np.float64(583.4), np.float64(615.0), np.float64(646.4), np.float64(678.0), np.float64(709.4), np.float64(741.0), np.float64(772.5), np.float64(804.0)]"
74,Cushions 166,Home Decor,335.5,90.8,7166.2,"[np.float64(447.4), np.float64(474.6), np.float64(501.8), np.float64(529.1), np.float64(556.3), np.float64(583.6), np.float64(610.8), np.float64(638.0), np.float64(665.3), np.float64(692.5), np.float64(719.8), np.float64(747.0)]"
75,Fruit Juices 148,Beverages,373.2,144.3,10035.5,"[np.float64(598.2), np.float64(641.5), np.float64(684.8), np.float64(728.1), np.float64(771.4), np.float64(814.6), np.float64(857.9), np.float64(901.2), np.float64(944.5), np.float64(987.8), np.float64(1031.1), np.float64(1074.4)]"
76,Green Tea 336,Beverages,332.0,106.0,7717.2,"[np.float64(468.2), np.float64(500.0), np.float64(531.8), np.float64(563.6), np.float64(595.4), np.float64(627.2), np.float64(659.0), np.float64(690.8), np.float64(722.6), np.float64(754.4), np.float64(786.2), np.float64(818.0)]"
77,Vases 799,Home Decor,364.5,106.6,7826.3,"[np.float64(476.3), np.float64(508.3), np.float64(540.3), np.float64(572.2), np.float64(604.2), np.float64(636.2), np.float64(668.2), np.float64(700.2), np.float64(732.1), np.float64(764.1), np.float64(796.1), np.float64(828.1)]"
78,Earphones 403,Electronics,365.2,126.3,9076.7,"[np.float64(548.0), np.float64(585.9), np.float64(623.8), np.float64(661.7), np.float64(699.6), np.float64(737.4), np.float64(775.3), np.float64(813.2), np.float64(851.1), np.float64(889.0), np.float64(926.9), np.float64(964.8)]"
79,Wall Clocks 375,Home Decor,363.5,112.0,8263.4,"[np.float64(503.8), np.float64(537.4), np.float64(571.0), np.float64(604.7), np.float64(638.2), np.float64(671.8), np.float64(705.4), np.float64(739.0), np.float64(772.7), np.float64(806.2), np.float64(839.8), np.float64(873.4)]"
80,Wheat Flour 602,Grocery,324.5,96.0,7058.4,"[np.float64(429.8), np.float64(458.6), np.float64(487.4), np.float64(516.2), np.float64(545.0), np.float64(573.8), np.float64(602.6), np.float64(631.4), np.float64(660.2), np.float64(689.0), np.float64(717.8), np.float64(746.6)]"
81,Wall Clocks 459,Home Decor,381.5,132.6,9501.5,"[np.float64(573.0), np.float64(612.8), np.float64(652.6), np.float64(692.3), np.float64(732.1), np.float64(771.9), np.float64(811.7), np.float64(851.5), np.float64(891.2), np.float64(931.0), np.float64(970.8), np.float64(1010.6)]"
82,Soft Drinks 266,Beverages,374.8,90.7,7447.4,"[np.float64(471.0), np.float64(498.2), np.float64(525.4), np.float64(552.6), np.float64(579.8), np.float64(607.0), np.float64(634.2), np.float64(661.4), np.float64(688.6), np.float64(715.8), np.float64(743.1), np.float64(770.3)]"
83,Cooking Oil 431,Grocery,359.5,78.8,6193.0,"[np.float64(386.1), np.float64(409.7), np.float64(433.3), np.float64(457.0), np.float64(480.6), np.float64(504.3), np.float64(527.9), np.float64(551.5), np.float64(575.2), np.float64(598.8), np.float64(622.5), np.float64(646.1)]"
84,Wheat Flour 206,Grocery,374.5,134.0,9289.2,"[np.float64(553.0), np.float64(593.2), np.float64(633.4), np.float64(673.6), np.float64(713.8), np.float64(754.0), np.float64(794.2), np.float64(834.4), np.float64(874.6), np.float64(914.8), np.float64(955.0), np.float64(995.2)]"
85,Cooking Oil 394,Grocery,369.2,66.7,6089.5,"[np.float64(397.4), np.float64(417.4), np.float64(437.4), np.float64(457.4), np.float64(477.4), np.float64(497.5), np.float64(517.5), np.float64(537.5), np.float64(557.5), np.float64(577.5), np.float64(597.5), np.float64(617.5)]"
86,Earphones 551,Electronics,417.0,120.0,8880.0,"[np.float64(542.0), np.float64(578.0), np.float64(614.0), np.float64(650.0), np.float64(686.0), np.float64(722.0), np.float64(758.0), np.float64(794.0), np.float64(830.0), np.float64(866.0), np.float64(902.0), np.float64(938.0)]"
87,Caps 324,Apparel,316.2,117.9,8641.6,"[np.float64(525.6), np.float64(561.0), np.float64(596.3), np.float64(631.7), np.float64(667.1), np.float64(702.4), np.float64(737.8), np.float64(773.2), np.float64(808.6), np.float64(843.9), np.float64(879.3), np.float64(914.7)]"
88,Smart plugs 537,Electronics,332.5,103.0,7725.0,"[np.float64(473.8), np.float64(504.7), np.float64(535.6), np.float64(566.5), np.float64(597.4), np.float64(628.3), np.float64(659.2), np.float64(690.1), np.float64(721.0), np.float64(751.9), np.float64(782.8), np.float64(813.7)]"
89,Cooking Oil 830,Grocery,385.5,105.6,7973.9,"[np.float64(490.2), np.float64(521.9), np.float64(553.6), np.float64(585.3), np.float64(617.0), np.float64(648.7), np.float64(680.3), np.float64(712.0), np.float64(743.7), np.float64(775.4), np.float64(807.1), np.float64(838.7)]"
90,Organic Rice 483,Grocery,387.0,117.6,8534.9,"[np.float64(517.2), np.float64(552.5), np.float64(587.8), np.float64(623.0), np.float64(658.3), np.float64(693.6), np.float64(728.9), np.float64(764.2), np.float64(799.4), np.float64(834.7), np.float64(870.0), np.float64(905.3)]"
91,Socks 809,Apparel,376.8,85.1,7234.4,"[np.float64(462.4), np.float64(488.0), np.float64(513.5), np.float64(539.0), np.float64(564.6), np.float64(590.1), np.float64(615.6), np.float64(641.2), np.float64(666.7), np.float64(692.2), np.float64(717.8), np.float64(743.3)]"
92,Fruit Juices 647,Beverages,368.5,91.0,7366.2,"[np.float64(463.7), np.float64(491.0), np.float64(518.3), np.float64(545.6), np.float64(572.9), np.float64(600.2), np.float64(627.5), np.float64(654.8), np.float64(682.1), np.float64(709.4), np.float64(736.7), np.float64(764.0)]"
93,Cushions 215,Home Decor,358.0,127.0,8609.3,"[np.float64(507.8), np.float64(546.0), np.float64(584.1), np.float64(622.2), np.float64(660.3), np.float64(698.4), np.float64(736.5), np.float64(774.6), np.float64(812.7), np.float64(850.8), np.float64(888.9), np.float64(927.0)]"
94,T-Shirts 651,Apparel,326.0,96.4,7225.9,"[np.float64(443.1), np.float64(472.0), np.float64(500.9), np.float64(529.9), np.float64(558.8), np.float64(587.7), np.float64(616.6), np.float64(645.5), np.float64(674.5), np.float64(703.4), np.float64(732.3), np.float64(761.2)]"
95,Organic Rice 883,Grocery,335.8,103.5,7667.4,"[np.float64(468.2), np.float64(499.2), np.float64(530.3), np.float64(561.3), np.float64(592.4), np.float64(623.4), np.float64(654.5), np.float64(685.5), np.float64(716.6), np.float64(747.6), np.float64(778.7), np.float64(809.7)]"
96,Wall Clocks 699,Home Decor,324.0,101.0,7385.1,"[np.float64(448.8), np.float64(479.0), np.float64(509.4), np.float64(539.7), np.float64(570.0), np.float64(600.2), np.float64(630.6), np.float64(660.9), np.float64(691.2), np.float64(721.4), np.float64(751.8), np.float64(782.1)]"
97,Mineral Water 521,Beverages,333.8,102.7,7141.3,"[np.float64(425.6), np.float64(456.5), np.float64(487.3), np.float64(518.1), np.float64(548.9), np.float64(579.7), np.float64(610.5), np.float64(641.3), np.float64(672.1), np.float64(702.9), np.float64(733.8), np.float64(764.6)]"
98,Smart plugs 430,Electronics,361.5,117.8,8297.6,"[np.float64(497.1), np.float64(532.4), np.float64(567.8), np.float64(603.1), np.float64(638.5), np.float64(673.8), np.float64(709.1), np.float64(744.5), np.float64(779.8), np.float64(815.2), np.float64(850.5), np.float64(885.8)]"
99,Socks 683,Apparel,356.2,119.5,8378.1,"[np.float64(501.0), np.float64(536.8), np.float64(572.7), np.float64(608.6), np.float64(644.4), np.float64(680.2), np.float64(716.1), np.float64(752.0), np.float64(787.8), np.float64(823.6), np.float64(859.5), np.float64(895.4)]"
100,Organic Rice 146,Grocery,342.2,91.9,6718.0,"[np.float64(408.2), np.float64(435.8), np.float64(463.3), np.float64(490.9), np.float64(518.5), np.float64(546.0), np.float64(573.6), np.float64(601.2), np.float64(628.8), np.float64(656.3), np.float64(683.9), np.float64(711.5)]"
101,Smart plugs 768,Electronics,334.8,107.1,7565.6,"[np.float64(453.8), np.float64(485.9), np.float64(518.0), np.float64(550.1), np.float64(582.3), np.float64(614.4), np.float64(646.5), np.float64(678.7), np.float64(710.8), np.float64(742.9), np.float64(775.0), np.float64(807.2)]"
102,Mineral Water 126,Beverages,367.2,101.9,7776.5,"[np.float64(479.9), np.float64(510.5), np.float64(541.0), np.float64(571.6), np.float64(602.2), np.float64(632.8), np.float64(663.3), np.float64(693.9), np.float64(724.5), np.float64(755.0), np.float64(785.6), np.float64(816.2)]"
103,Soft Drinks 165,Beverages,395.2,124.9,8774.9,"[np.float64(525.2), np.float64(562.6), np.float64(600.1), np.float64(637.6), np.float64(675.0), np.float64(712.5), np.float64(750.0), np.float64(787.4), np.float64(824.9), np.float64(862.4), np.float64(899.9), np.float64(937.3)]"
104,Green Tea 488,Beverages,377.5,109.6,7884.0,"[np.float64(476.2), np.float64(509.0), np.float64(541.9), np.float64(574.8), np.float64(607.7), np.float64(640.6), np.float64(673.4), np.float64(706.3), np.float64(739.2), np.float64(772.1), np.float64(805.0), np.float64(837.8)]"
105,Fruit Juices 264,Beverages,383.5,126.4,9103.5,"[np.float64(550.1), np.float64(588.0), np.float64(625.9), np.float64(663.8), np.float64(701.7), np.float64(739.7), np.float64(777.6), np.float64(815.5), np.float64(853.4), np.float64(891.3), np.float64(929.3), np.float64(967.2)]"
106,Vases 163,Home Decor,380.5,129.0,9360.6,"[np.float64(567.2), np.float64(605.9), np.float64(644.6), np.float64(683.3), np.float64(722.0), np.float64(760.7), np.float64(799.4), np.float64(838.1), np.float64(876.8), np.float64(915.5), np.float64(954.2), np.float64(992.9)]"
107,Caps 931,Apparel,402.8,124.1,8812.4,"[np.float64(529.6), np.float64(566.8), np.float64(604.1), np.float64(641.3), np.float64(678.5), np.float64(715.8), np.float64(753.0), np.float64(790.2), np.float64(827.4), np.float64(864.7), np.float64(901.9), np.float64(939.1)]"
108,Soft Drinks 787,Beverages,338.0,98.4,7444.3,"[np.float64(458.0), np.float64(487.5), np.float64(517.0), np.float64(546.6), np.float64(576.1), np.float64(605.6), np.float64(635.1), np.float64(664.6), np.float64(694.2), np.float64(723.7), np.float64(753.2), np.float64(782.7)]"
109,Mineral Water 705,Beverages,393.8,110.5,8413.5,"[np.float64(518.8), np.float64(552.0), np.float64(585.1), np.float64(618.2), np.float64(651.4), np.float64(684.6), np.float64(717.7), np.float64(750.8), np.float64(784.0), np.float64(817.2), np.float64(850.3), np.float64(883.4)]"
110,Soft Drinks 445,Beverages,309.2,94.3,6962.3,"[np.float64(424.6), np.float64(452.9), np.float64(481.2), np.float64(509.5), np.float64(537.8), np.float64(566.0), np.float64(594.3), np.float64(622.6), np.float64(650.9), np.float64(679.2), np.float64(707.5), np.float64(735.8)]"
111,Green Tea 821,Beverages,367.5,101.8,7564.4,"[np.float64(462.4), np.float64(492.9), np.float64(523.5), np.float64(554.0), np.float64(584.6), np.float64(615.1), np.float64(645.6), np.float64(676.2), np.float64(706.7), np.float64(737.3), np.float64(767.8), np.float64(798.3)]"
112,Denims 127,Apparel,369.5,97.4,7369.3,"[np.float64(453.4), np.float64(482.6), np.float64(511.8), np.float64(541.1), np.float64(570.3), np.float64(599.5), np.float64(628.7), np.float64(657.9), np.float64(687.2), np.float64(716.4), np.float64(745.6), np.float64(774.8)]"
113,LED bulbs 251,Home Decor,358.2,121.5,8401.2,"[np.float64(499.6), np.float64(536.1), np.float64(572.5), np.float64(609.0), np.float64(645.4), np.float64(681.9), np.float64(718.3), np.float64(754.8), np.float64(791.2), np.float64(827.7), np.float64(864.1), np.float64(900.6)]"
114,USB Cables 721,Electronics,398.2,121.3,8782.7,"[np.float64(531.8), np.float64(568.1), np.float64(604.5), np.float64(640.9), np.float64(677.3), np.float64(713.7), np.float64(750.1), np.float64(786.5), np.float64(822.9), np.float64(859.3), np.float64(895.6), np.float64(932.0)]"
115,Soft Drinks 904,Beverages,343.5,89.8,7107.2,"[np.float64(444.1), np.float64(471.0), np.float64(498.0), np.float64(524.9), np.float64(551.9), np.float64(578.8), np.float64(605.7), np.float64(632.7), np.float64(659.6), np.float64(686.6), np.float64(713.5), np.float64(740.4)]"
116,Cushions 182,Home Decor,371.5,126.0,9116.4,"[np.float64(551.8), np.float64(589.6), np.float64(627.4), np.float64(665.2), np.float64(703.0), np.float64(740.8), np.float64(778.6), np.float64(816.4), np.float64(854.2), np.float64(892.0), np.float64(929.8), np.float64(967.6)]"
117,Spices 936,Grocery,363.2,109.1,8238.2,"[np.float64(506.5), np.float64(539.2), np.float64(572.0), np.float64(604.7), np.float64(637.4), np.float64(670.2), np.float64(702.9), np.float64(735.6), np.float64(768.3), np.float64(801.1), np.float64(833.8), np.float64(866.5)]"
118,Wall Clocks 806,Home Decor,393.5,100.0,7900.8,"[np.float64(493.4), np.float64(523.4), np.float64(553.4), np.float64(583.4), np.float64(613.4), np.float64(643.4), np.float64(673.4), np.float64(703.4), np.float64(733.4), np.float64(763.4), np.float64(793.4), np.float64(823.4)]"
119,Green Tea 981,Beverages,357.5,136.0,9160.8,"[np.float64(539.0), np.float64(579.8), np.float64(620.6), np.float64(661.4), np.float64(702.2), np.float64(743.0), np.float64(783.8), np.float64(824.6), np.float64(865.4), np.float64(906.2), np.float64(947.0), np.float64(987.8)]"
120,Mineral Water 690,Beverages,331.2,111.3,8152.7,"[np.float64(495.8), np.float64(529.1), np.float64(562.5), np.float64(595.9), np.float64(629.3), np.float64(662.7), np.float64(696.1), np.float64(729.5), np.float64(762.9), np.float64(796.3), np.float64(829.6), np.float64(863.0)]"
121,Power Banks 409,Electronics,349.5,98.4,7763.1,"[np.float64(484.6), np.float64(514.1), np.float64(543.6), np.float64(573.1), np.float64(602.6), np.float64(632.2), np.float64(661.7), np.float64(691.2), np.float64(720.7), np.float64(750.2), np.float64(779.8), np.float64(809.3)]"
122,Spices 720,Grocery,342.5,67.0,6060.6,"[np.float64(394.5), np.float64(414.6), np.float64(434.7), np.float64(454.8), np.float64(474.9), np.float64(495.0), np.float64(515.1), np.float64(535.2), np.float64(555.3), np.float64(575.4), np.float64(595.5), np.float64(615.6)]"
123,Soft Drinks 907,Beverages,358.5,127.2,8801.1,"[np.float64(523.6), np.float64(561.7), np.float64(599.9), np.float64(638.0), np.float64(676.2), np.float64(714.3), np.float64(752.5), np.float64(790.7), np.float64(828.8), np.float64(867.0), np.float64(905.1), np.float64(943.3)]"
124,Vases 845,Home Decor,358.5,115.4,8377.3,"[np.float64(507.7), np.float64(542.3), np.float64(576.9), np.float64(611.6), np.float64(646.2), np.float64(680.8), np.float64(715.4), np.float64(750.0), np.float64(784.7), np.float64(819.3), np.float64(853.9), np.float64(888.5)]"
125,Cushions 922,Home Decor,358.0,112.0,8076.0,"[np.float64(488.2), np.float64(521.8), np.float64(555.4), np.float64(589.0), np.float64(622.6), np.float64(656.2), np.float64(689.8), np.float64(723.4), np.float64(757.0), np.float64(790.6), np.float64(824.2), np.float64(857.8)]"
126,Organic Rice 246,Grocery,349.8,98.3,7408.2,"[np.float64(455.2), np.float64(484.6), np.float64(514.1), np.float64(543.6), np.float64(573.1), np.float64(602.6), np.float64(632.1), np.float64(661.6), np.float64(691.1), np.float64(720.6), np.float64(750.1), np.float64(779.5)]"
127,LED bulbs 954,Home Decor,356.8,117.5,8498.7,"[np.float64(514.4), np.float64(549.6), np.float64(584.8), np.float64(620.1), np.float64(655.3), np.float64(690.6), np.float64(725.8), np.float64(761.1), np.float64(796.4), np.float64(831.6), np.float64(866.9), np.float64(902.1)]"
128,Soft Drinks 984,Beverages,369.5,108.0,8195.8,"[np.float64(504.8), np.float64(537.2), np.float64(569.6), np.float64(602.0), np.float64(634.3), np.float64(666.8), np.float64(699.2), np.float64(731.6), np.float64(764.0), np.float64(796.3), np.float64(828.8), np.float64(861.2)]"
129,Cooking Oil 184,Grocery,356.5,87.0,6846.6,"[np.float64(427.0), np.float64(453.1), np.float64(479.2), np.float64(505.3), np.float64(531.4), np.float64(557.5), np.float64(583.6), np.float64(609.7), np.float64(635.8), np.float64(661.9), np.float64(688.0), np.float64(714.1)]"
130,Soft Drinks 350,Beverages,348.2,107.7,8017.9,"[np.float64(490.4), np.float64(522.8), np.float64(555.1), np.float64(587.4), np.float64(619.7), np.float64(652.0), np.float64(684.3), np.float64(716.6), np.float64(748.9), np.float64(781.2), np.float64(813.6), np.float64(845.9)]"
131,Organic Rice 325,Grocery,398.8,127.9,8579.7,"[np.float64(503.9), np.float64(542.3), np.float64(580.7), np.float64(619.1), np.float64(657.4), np.float64(695.8), np.float64(734.2), np.float64(772.5), np.float64(810.9), np.float64(849.3), np.float64(887.6), np.float64(926.0)]"
132,USB Cables 769,Electronics,338.8,110.5,7745.1,"[np.float64(463.1), np.float64(496.2), np.float64(529.4), np.float64(562.6), np.float64(595.7), np.float64(628.8), np.float64(662.0), np.float64(695.2), np.float64(728.3), np.float64(761.4), np.float64(794.6), np.float64(827.8)]"
133,Green Tea 820,Beverages,377.0,102.6,7579.6,"[np.float64(462.3), np.float64(493.1), np.float64(523.9), np.float64(554.7), np.float64(585.5), np.float64(616.2), np.float64(647.0), np.float64(677.8), np.float64(708.6), np.float64(739.4), np.float64(770.2), np.float64(800.9)]"
134,Denims 940,Apparel,361.5,136.0,9410.4,"[np.float64(559.8), np.float64(600.6), np.float64(641.4), np.float64(682.2), np.float64(723.0), np.float64(763.8), np.float64(804.6), np.float64(845.4), np.float64(886.2), np.float64(927.0), np.float64(967.8), np.float64(1008.6)]"
135,Mineral Water 909,Beverages,361.8,96.1,7337.6,"[np.float64(452.9), np.float64(481.7), np.float64(510.6), np.float64(539.4), np.float64(568.2), np.float64(597.1), np.float64(625.9), np.float64(654.7), np.float64(683.5), np.float64(712.4), np.float64(741.2), np.float64(770.0)]"
136,Wheat Flour 111,Grocery,395.2,137.7,9521.6,"[np.float64(566.3), np.float64(607.6), np.float64(648.9), np.float64(690.2), np.float64(731.5), np.float64(772.8), np.float64(814.1), np.float64(855.4), np.float64(896.7), np.float64(938.0), np.float64(979.4), np.float64(1020.7)]"
137,USB Cables 862,Electronics,375.0,100.2,7789.1,"[np.float64(483.8), np.float64(513.8), np.float64(543.9), np.float64(573.9), np.float64(604.0), np.float64(634.1), np.float64(664.1), np.float64(694.2), np.float64(724.2), np.float64(754.3), np.float64(784.4), np.float64(814.4)]"
138,Smart plugs 280,Electronics,363.8,109.7,8089.3,"[np.float64(493.1), np.float64(526.0), np.float64(558.9), np.float64(591.8), np.float64(624.7), np.float64(657.7), np.float64(690.6), np.float64(723.5), np.float64(756.4), np.float64(789.3), np.float64(822.2), np.float64(855.1)]"
139,Vases 781,Home Decor,358.8,139.7,9649.3,"[np.float64(573.6), np.float64(615.5), np.float64(657.4), np.float64(699.3), np.float64(741.2), np.float64(783.2), np.float64(825.1), np.float64(867.0), np.float64(908.9), np.float64(950.8), np.float64(992.7), np.float64(1034.6)]"
140,Socks 264,Apparel,335.5,140.4,9216.2,"[np.float64(536.3), np.float64(578.5), np.float64(620.6), np.float64(662.7), np.float64(704.8), np.float64(747.0), np.float64(789.1), np.float64(831.2), np.float64(873.3), np.float64(915.4), np.float64(957.6), np.float64(999.7)]"
141,T-Shirts 350,Apparel,338.5,81.2,6480.3,"[np.float64(406.0), np.float64(430.4), np.float64(454.8), np.float64(479.1), np.float64(503.5), np.float64(527.8), np.float64(552.2), np.float64(576.6), np.float64(600.9), np.float64(625.3), np.float64(649.7), np.float64(674.0)]"
142,USB Cables 999,Electronics,376.8,120.5,8682.2,"[np.float64(524.7), np.float64(560.8), np.float64(597.0), np.float64(633.1), np.float64(669.3), np.float64(705.4), np.float64(741.6), np.float64(777.8), np.float64(813.9), np.float64(850.0), np.float64(886.2), np.float64(922.4)]"
143,Cooking Oil 475,Grocery,319.0,101.2,7507.0,"[np.float64(458.6), np.float64(489.0), np.float64(519.3), np.float64(549.7), np.float64(580.0), np.float64(610.4), np.float64(640.8), np.float64(671.1), np.float64(701.5), np.float64(731.8), np.float64(762.2), np.float64(792.6)]"
144,Mineral Water 629,Beverages,414.2,143.5,9908.4,"[np.float64(588.9), np.float64(632.0), np.float64(675.0), np.float64(718.1), np.float64(761.1), np.float64(804.2), np.float64(847.2), np.float64(890.3), np.float64(933.3), np.float64(976.4), np.float64(1019.4), np.float64(1062.5)]"
145,Smart plugs 211,Electronics,362.8,93.9,7059.5,"[np.float64(433.4), np.float64(461.5), np.float64(489.7), np.float64(517.9), np.float64(546.0), np.float64(574.2), np.float64(602.4), np.float64(630.5), np.float64(658.7), np.float64(686.9), np.float64(715.1), np.float64(743.2)]"
146,Denims 219,Apparel,408.2,121.5,9009.6,"[np.float64(550.3), np.float64(586.8), np.float64(623.2), np.float64(659.7), np.float64(696.1), np.float64(732.6), np.float64(769.0), np.float64(805.5), np.float64(841.9), np.float64(878.4), np.float64(914.8), np.float64(951.3)]"
147,Socks 581,Apparel,350.0,96.2,7239.5,"[np.float64(444.6), np.float64(473.4), np.float64(502.3), np.float64(531.1), np.float64(560.0), np.float64(588.9), np.float64(617.7), np.float64(646.6), np.float64(675.4), np.float64(704.3), np.float64(733.2), np.float64(762.0)]"
148,Caps 225,Apparel,367.2,113.9,8701.7,"[np.float64(537.2), np.float64(571.4), np.float64(605.5), np.float64(639.7), np.float64(673.9), np.float64(708.1), np.float64(742.2), np.float64(776.4), np.float64(810.6), np.float64(844.7), np.float64(878.9), np.float64(913.1)]"
149,T-Shirts 935,Apparel,366.8,88.3,6904.1,"[np.float64(429.6), np.float64(456.1), np.float64(482.6), np.float64(509.1), np.float64(535.6), np.float64(562.1), np.float64(588.6), np.float64(615.1), np.float64(641.6), np.float64(668.1), np.float64(694.6), np.float64(721.0)]"
150,Socks 508,Apparel,348.8,104.3,7443.0,"[np.float64(448.2), np.float64(479.4), np.float64(510.7), np.float64(542.0), np.float64(573.3), np.float64(604.6), np.float64(635.9), np.float64(667.2), np.float64(698.5), np.float64(729.8), np.float64(761.1), np.float64(792.3)]"
